D 26 269036946 160554409 108482537 0
D 14 269034806 159645863 109388943 0
D 7 268451170 159659077 108792093 0
D 27 268924314 159858365 109065949 0
D 16 268817680 159352988 109464692 0
D 8 269695654 160341022 109354632 0
D 11 269363244 160110940 109252304 0
D 24 269263500 159285141 109978359 0
D 4 268782518 159025963 109756555 0
D 0 269223028 159228610 109994418 0
D 13 269144364 158877393 110266971 0
D 2 269007256 158858269 110148987 0
D 25 269151894 158546093 110605801 0
D 29 268698460 158620238 110078222 0
D 12 269252600 158449838 110802762 1
D 6 268557776 158275325 110282451 0
D 23 269383116 158841517 110541599 0
D 5 268668512 158517496 110151016 0
D 22 269490454 159538073 109952381 0
D 1 269113150 158871390 110241760 0
D 20 269706352 158817191 110889161 0
D 28 268812092 157613909 111198183 0
D 19 268476194 157301620 111174574 0
D 15 268928816 158149572 110779244 0
D 3 268896242 157848445 111047797 0
D 18 268584368 157378653 111205715 0
D 21 269597180 158531302 111065878 0
D 17 268697880 157551883 111145997 1
D 10 269474024 158360931 111113093 0
D 9 269583458 157154775 112428683 0
D 39 268916926 160483895 108433031 0
D 30 268589772 158000553 110589219 0
D 33 269585402 159658889 109926513 0
D 41 268689620 158679299 110010321 0
D 32 269695922 158777989 110917933 0
D 43 268466078 159228685 109237393 0
D 42 268579694 158773613 109806081 0
D 31 268467126 157527010 110940116 0
D 34 269473146 158967057 110506089 0
D 40 268801084 158923591 109877493 0
D 37 269143800 158443303 110700497 0
D 35 269359204 158586868 110772336 0
D 46 269463224 160340984 109122240 0
D 52 268801558 159364570 109436988 0
D 48 269232854 159387201 109845653 0
D 56 269697744 160497169 109200575 1
D 36 269249252 158207118 111042134 0
D 49 269124832 158965499 110159333 0
D 50 269017986 158941928 110076058 0
D 47 269346818 158690639 110656179 0
D 45 269570464 159078386 110492078 0
D 57 269582254 160035401 109546853 0
D 53 268691788 158255989 110435799 0
D 38 269035090 157223869 111811221 0
D 44 269681176 158961059 110720117 0
D 51 268909774 158107944 110801830 0
D 58 269468974 158769372 110699602 0
D 55 268480164 156963384 111516780 0
D 54 268585380 157066503 111518877 0
D 59 269356146 158829251 110526895 0
D 60 269240758 159425277 109815481 0
D 62 269022016 160214341 108807675 0
D 65 268691622 159300891 109390731 0
D 67 268470494 159573913 108896581 0
D 68 269676310 159775647 109900663 0
D 63 268914460 159132304 109782156 0
D 61 269134662 158870136 110264526 0
D 64 268797636 158547879 110249757 0
D 71 269321052 159213421 110107631 0
D 79 269737764 160984621 108753143 0
D 66 268579892 157496923 111082969 0
D 69 269553640 159598215 109955425 0
D 75 268873942 158358647 110515295 0
D 72 269209774 159023760 110186014 0
D 73 269096196 158644353 110451843 0
D 80 269633002 160169257 109463745 0
D 78 268527864 158844125 109683739 0
D 77 268635256 158172678 110462578 0
D 76 268750312 158346242 110404070 0
D 83 269290798 160313365 108977433 0
D 81 269521442 159446911 110074531 0
D 84 269174896 159402756 109772140 0
D 87 268826898 159287487 109539411 0
D 70 269433630 158036552 111397078 0
D 74 268983854 157626690 111357164 0
D 86 268948982 158394863 110554119 0
D 85 269063484 158079150 110984334 0
D 89 268589378 158964385 109624993 0
D 88 268706160 158336029 110370131 1
D 82 269408210 157893975 111514235 0
D 90 268481312 158311345 110169967 0
D 91 269683922 158956958 110726964 0
D 93 269450008 159042819 110407189 0
D 96 269093230 159099264 109993966 0
D 92 269568164 159255755 110312409 0
D 94 269329032 158817272 110511760 0
D 97 268974610 158459770 110514840 0
D 109 268923072 159371376 109551696 0
D 95 269210592 158381148 110829444 0
D 100 268628288 158452272 110176016 0
D 101 268513710 158318645 110195065 0
D 107 269141534 159661300 109480234 0
D 108 269032630 159719441 109313189 0
D 98 268861178 158076663 110784515 0
D 110 268803682 158715989 110087693 0
D 103 269593268 159252504 110340764 0
D 99 268749396 158048113 110701283 0
D 106 269255654 159335867 109919787 0
D 102 269702294 159125196 110577098 0
D 111 268684434 159117114 109567320 0
D 104 269487544 158768991 110718553 0
D 112 268568760 158325489 110243271 0
D 113 268458046 158191957 110266089 0
D 114 269637298 159618410 110018888 0
D 116 269406706 159771489 109635217 0
D 117 269289650 160001904 109287746 0
D 105 269371460 157030691 112340769 0
D 118 269176578 159120228 110056350 0
D 115 269523832 158607105 110916727 0
D 119 269064826 158477065 110587761 0
D 120 268942212 159440976 109501236 0
D 122 268706030 159670537 109035493 0
D 121 268817016 159061302 109755714 0
D 125 269645954 160012617 109633337 0
D 131 268950892 160390524 108560368 0
D 124 268473434 158914180 109559254 0
D 128 269295634 159366514 109929120 0
D 123 268586692 156994732 111591960 0
D 133 268725346 158640744 110084602 0
D 134 268612804 158730752 109882052 0
D 136 269673138 159051132 110622006 0
D 140 269211186 159282403 109928783 0
D 139 269331110 159181783 110149327 0
D 132 268836572 158068549 110768023 0
D 146 268520908 159438572 109082336 0
D 130 269059924 157969400 111090524 0
D 126 269528076 157929076 111599000 0
D 137 269562764 159601365 109961399 0
D 135 268500268 158201342 110298926 0
D 127 269413400 157274998 112138402 0
D 129 269179818 157519508 111660310 0
D 142 268980236 157536721 111443515 0
D 141 269094250 158711610 110382640 0
D 145 268633964 158344039 110289925 0
D 144 268744356 158294925 110449431 0
D 147 269689106 159962347 109726759 1
D 138 269452448 157375896 112076552 0
D 143 268858658 157463405 111395253 0
D 149 269458340 158777271 110681069 0
D 148 269574648 158189267 111385381 1
D 150 269341076 159244694 110096382 0
D 151 269223642 158912778 110310864 0
D 152 269102066 158753467 110348599 0
D 156 268620370 159123754 109496616 0
D 153 268977388 158084622 110892766 0
D 154 268860168 158122642 110737526 0
D 157 268503318 159381078 109122240 0
D 158 269659374 159640455 110018919 0
D 168 268518348 159187968 109330380 0
D 163 269086438 158842874 110243564 0
D 166 268745042 158617290 110127752 0
D 165 268859260 158921066 109938194 0
D 164 268970894 159249675 109721219 1
D 155 268738540 156876266 111862274 1
D 161 269319886 158970278 110349608 0
D 160 269434638 158747743 110686895 0
D 162 269205196 158298055 110907141 0
D 172 269316750 159616266 109700484 0
D 167 268632382 158500654 110131728 0
D 173 269204366 159426105 109778261 0
D 170 269544580 159305009 110239571 0
D 159 269548088 158402323 111145765 0
D 169 269664250 158963965 110700285 0
D 176 268867744 158838678 110029066 0
D 171 269429328 158652396 110776932 0
D 174 269089656 158629621 110460035 0
D 179 268517658 159173194 109344464 0
D 175 268980348 157800278 111180070 0
D 177 268754234 157536128 111218106 0
D 178 268637284 157715235 110922049 0
D 180 269661822 158475216 111186606 0
D 181 269543172 159458984 110084188 0
D 182 269422152 159802350 109619802 0
D 185 269051638 159393450 109658188 0
D 184 269172982 159261228 109911754 0
D 190 268454142 160232987 108221155 0
D 186 268925136 158756625 110168511 0
D 183 269294954 158098389 111196565 0
D 192 269480054 159390722 110089332 0
D 187 268804508 158572243 110232265 0
D 188 268685718 158440588 110245130 0
D 195 269126446 159721354 109405092 0
D 196 269010580 158685299 110325281 0
D 200 268525060 159510476 109014584 0
D 191 269596254 158900071 110696183 0
D 203 269414378 159854447 109559931 0
D 199 268648902 158082433 110566469 0
D 194 269236100 158169831 111066269 0
D 189 268576840 156587006 111989834 0
D 198 268766092 157731208 111034884 0
D 206 269056758 160153727 108903031 0
D 197 268892010 157986893 110905117 1
D 193 269356954 157921621 111435333 0
D 201 269652272 158683198 110969074 0
D 204 269292900 158703547 110589353 0
D 202 269536486 157633873 111902613 0
D 207 268933444 158196948 110736496 0
D 209 268686630 158702308 109984322 0
D 208 268807458 158186170 110621288 0
D 205 269173586 158154072 111019514 0
D 210 268569042 158331807 110237235 0
D 211 268448840 158473055 109975785 0
D 212 269566320 159443452 110122868 0
D 215 269216790 160152700 109064090 0
D 213 269444092 159020077 110424015 0
D 214 269330152 159306513 110023639 0
D 218 268868288 160406927 108461361 0
D 216 269098044 159492077 109605967 0
D 217 268976376 159403467 109572909 0
D 219 268756744 158633749 110122995 0
D 233 269564416 161111019 108453397 0
D 229 268799910 159525513 109274397 0
D 225 269264426 159301163 109963263 0
D 223 269507636 159249369 110258267 0
D 220 268638272 157772585 110865687 0
D 222 269628542 158486130 111142412 0
D 221 268512344 156913906 111598438 0
D 224 269380638 158372333 111008305 0
D 232 268448088 158968922 109479166 0
D 230 268684634 158514046 110170588 0
D 228 268921170 158168930 110752240 0
D 234 269442760 159162788 110279972 0
D 226 269151442 158149531 111001911 0
D 227 269037588 158032340 111005248 0
D 238 268968070 159424857 109543213 0
D 235 269328620 159204337 110124283 0
D 231 268568774 157127408 111441366 1
D 237 269092924 158699310 110393614 0
D 236 269211208 159376982 109834226 0
D 239 268843852 159158845 109685007 0
D 245 269339488 160331895 109007593 0
D 240 268719658 158028073 110691585 0
D 241 268599140 157361614 111237526 0
D 243 269583126 159067166 110515960 0
D 244 269457052 159306620 110150432 0
D 242 268480074 157581559 110898515 0
D 248 268990108 158816117 110173991 0
D 246 269222580 158216440 111006140 0
D 247 269107160 158400039 110707121 0
D 249 268866648 159094551 109772097 0
D 250 268756014 159300867 109455147 0
D 252 268523276 158757808 109765468 0
D 251 268639852 158189712 110450140 0
D 257 269134498 159330461 109804037 0
D 260 268762510 159371246 109391264 0
D 256 269252976 158844323 110408653 0
D 258 269009782 159045338 109964444 0
D 262 268522080 158355232 110166848 0
D 253 269622334 158060430 111561904 0
D 254 269499850 158843309 110656541 0
D 255 269378856 158305411 111073445 1
D 265 269381224 159336658 110044566 0
D 264 269499606 158725920 110773686 0
D 259 268887082 157470790 111416292 0
D 268 269031444 159668598 109362846 0
D 261 268646130 157913064 110733066 0
D 263 269616740 158615952 111000788 0
D 266 269264540 158949433 110315107 0
D 267 269150130 157860488 111289642 0
D 269 268915096 158155955 110759141 0
D 270 268802540 158538009 110264531 1
D 272 268568966 158351316 110217650 0
D 273 268448766 158614614 109834152 0
D 281 268670362 160184779 108485583 0
D 271 268685694 157240389 111445305 0
D 275 269412902 158917488 110495414 0
D 278 269045370 158644230 110401140 0
D 274 269534912 158463868 111071044 0
D 279 268919648 158416064 110503584 0
D 277 269168474 158052646 111115828 0
D 282 268547976 158870584 109677392 0
D 276 269287340 157256502 112030838 0
D 289 268920546 159617616 109302930 0
D 283 269626840 159849947 109776893 0
D 280 268793516 156895012 111898504 0
D 286 269274178 158699982 110574196 0
D 284 269505652 158189573 111316079 0
D 285 269391504 158069103 111322401 0
D 291 268682006 159118784 109563222 0
D 288 269037604 158394690 110642914 0
D 294 269514906 159727628 109787278 0
D 293 268436888 158609852 109827036 0
D 287 269155954 158072096 111083858 0
D 292 268562726 158528871 110033855 0
D 290 268803014 157777684 111025330 0
D 296 269268776 159482128 109786648 0
D 295 269391128 158399176 110991952 0
D 297 269142348 158592956 110549392 0
D 299 268910566 158518366 110392200 0
D 298 269024742 157512844 111511898 0
D 302 268556576 159422311 109134265 2
D 300 268790936 157988351 110802585 0
D 301 268671760 157911964 110759796 0
D 308 269008502 159644211 109364291 0
D 309 268887462 159075968 109811494 0
D 305 269380470 159070051 110310419 0
D 303 269622416 158159196 111463220 0
D 304 269504210 158125853 111378357 0
D 315 269354486 160205473 109149013 0
D 306 269254238 157719579 111534659 0
D 307 269129690 157930329 111199361 0
D 310 268758894 158726537 110032357 0
D 311 268640650 158262411 110378239 0
D 312 268519858 158503754 110016104 0
D 314 269470500 159308462 110162038 0
D 313 269583548 158352278 111231270 0
D 321 268612724 159086135 109526589 0
D 319 268873696 158849734 110023962 0
D 322 268484662 159080296 109404366 0
D 317 269111584 158822705 110288879 0
D 318 268992414 158785922 110206492 0
D 324 269408390 159658669 109749721 0
D 320 268739288 158380266 110359022 0
D 316 269233968 157919618 111314350 0
D 326 269172454 158574013 110598441 0
D 323 269538714 158077641 111461073 0
D 325 269288604 158437158 110851446 0
D 327 269058112 158319222 110738890 0
D 328 268934228 158987754 109946474 0
D 329 268804484 157489728 111314756 0
D 330 268684066 159052026 109632040 0
D 332 268446702 158412140 110034562 0
D 334 269384558 159859191 109525367 0
D 331 268565210 157215916 111349294 0
D 342 269572862 159395240 110177622 0
D 339 268760680 158623647 110137033 0
D 336 269148778 158445312 110703466 0
D 333 269502736 158080086 111422650 0
D 341 268525108 157952034 110573074 0
D 335 269265684 158802197 110463487 0
D 337 269021160 158577001 110444159 0
D 346 269092028 159635774 109456254 0
D 344 269328906 158643606 110685300 0
D 338 268892758 156911714 111981044 0
D 343 269450534 158484181 110966353 0
D 350 268599866 158979080 109620786 0
D 340 268640682 156188000 112452682 0
D 345 269210254 158618270 110591984 0
D 348 268846674 158305635 110541039 0
D 347 268966104 158645217 110320887 0
D 349 268727992 158393072 110334920 0
D 353 269395602 159183792 110211810 0
D 351 268472086 158105488 110366598 0
D 352 269517082 159451653 110065429 0
D 356 269026072 159428821 109597251 0
D 354 269272124 159341476 109930648 0
D 358 268785882 159267965 109517917 0
D 355 269152322 158740071 110412251 0
D 357 268906728 157716327 111190401 0
D 359 268666522 158445041 110221481 0
D 360 268547012 158139046 110407966 1
D 362 269455072 159195732 110259340 0
D 366 268972714 160216755 108755959 0
D 370 268480154 159477197 109002957 0
D 363 269340136 158928760 110411376 0
D 364 269214930 159926145 109288785 0
D 361 269590692 157902850 111687842 0
D 369 268606564 158116223 110490341 0
D 367 268855800 158140371 110715429 1
D 368 268731308 157936211 110795097 0
D 365 269093718 157379644 111714074 0
D 372 269384238 158464134 110920104 0
D 371 269511504 158997536 110513968 0
D 380 269550844 160454289 109096555 0
D 373 269262488 159286308 109976180 0
D 378 268639690 158492491 110147199 0
D 375 269009052 158352126 110656926 0
D 374 269139736 158052002 111087734 0
D 379 268524078 158366784 110157294 0
D 376 268881876 158222194 110659682 0
D 377 268757084 158254977 110502107 0
D 384 269038404 158913508 110124896 0
D 382 269295540 158579462 110716078 0
D 381 269424100 158670982 110753118 0
D 387 268668128 159154123 109514005 1
D 383 269165704 158047665 111118039 0
D 385 268918228 158377563 110540665 1
D 389 269572732 160978473 108594259 0
D 388 268548220 158915240 109632980 0
D 386 268794226 157898827 110895399 0
D 390 269453958 157899017 111554941 0
D 395 268820070 159005915 109814155 1
D 393 269079326 159407785 109671541 0
D 396 268690400 159019583 109670817 0
D 392 269206778 158733747 110473031 0
D 397 268561602 158867047 109694555 0
D 394 268947284 158364436 110582848 0
D 391 269332696 157775953 111556743 0
D 398 268437068 157745992 110691076 0
D 399 269457858 158319552 111138306 0
D 400 269337196 158283272 111053924 0
D 405 268730566 159084305 109646261 0
D 401 269216120 158990036 110226084 0
D 402 269094310 158489408 110604902 0
D 404 268849876 158313217 110536659 0
D 406 268598032 158582695 110015337 0
D 403 268968176 158211066 110757110 0
D 408 269484498 159332857 110151641 0
D 407 268473274 157871887 110601387 0
D 409 269353864 158872856 110481008 0
D 412 268974436 159172058 109802378 0
D 410 269227336 158705986 110521350 0
D 416 268473388 158282857 110190531 0
D 411 269099324 158331730 110767594 0
D 414 268720406 158432484 110287922 0
D 417 269485002 158993742 110491260 0
D 413 268846534 157888653 110957881 0
D 418 269356216 159054971 110301245 1
D 415 268595364 157806182 110789182 0
D 419 269227410 157918307 111309103 0
D 425 268473870 159868421 108605449 0
D 420 269100646 158970253 110130393 0
D 426 269466930 160031778 109435152 0
D 422 268856122 158940566 109915556 0
D 421 268978570 158206650 110771920 0
D 423 268731384 157392570 111338814 0
D 424 268598924 158429745 110169179 0
D 427 269338616 159121262 110217354 0
D 430 268973818 159462743 109511075 0
D 429 269098194 159772531 109325663 0
D 431 268847912 158460630 110387282 0
D 428 269221232 157933999 111287233 0
D 439 268964442 159550465 109413977 0
D 435 269455574 159726323 109729251 0
D 434 268458628 158300310 110158318 0
D 437 269211634 159970493 109241141 0
D 432 268718256 158005137 110713119 0
D 433 268583132 158535211 110047921 0
D 442 268580530 159063191 109517339 0
D 440 268836098 158460698 110375400 0
D 444 269443974 159935482 109508492 0
D 441 268709792 158783969 109925823 0
D 436 269333944 158482719 110851225 0
D 445 269314754 158919341 110395413 0
D 438 269089434 157754519 111334915 0
D 443 268453420 157768559 110684861 0
D 447 269066780 159015627 110051153 0
D 446 269192448 158190431 111002017 0
D 449 268804702 158942110 109862592 0
D 448 268936892 156748990 112187902 0
D 452 269536880 159473599 110063281 1
D 450 268681422 158739622 109941800 0
D 451 268552354 158346483 110205871 0
D 453 269406424 158767435 110638989 0
D 456 269015344 159309817 109705527 1
D 454 269273912 159698999 109574913 0
D 458 268763322 159021146 109742176 0
D 455 269141050 158027350 111113700 0
D 463 269241964 159600487 109641477 0
D 460 268518806 158781231 109737575 0
D 457 268888614 158120148 110768466 0
D 468 268578590 159629231 108949359 0
D 464 269118142 159164719 109953423 0
D 459 268639354 158143182 110496172 0
D 461 269500680 159585587 109915093 0
D 469 268452234 159078498 109373736 0
D 466 268852046 158339792 110512254 0
D 462 269374206 159016668 110357538 0
D 465 268991648 158409130 110582518 0
D 467 268708982 158019152 110689830 0
D 472 269172838 159279063 109893775 0
D 470 269422744 158407913 111014831 0
D 474 268926442 158982296 109944146 0
D 475 268792524 158759829 110032695 0
D 473 269048228 158473259 110574969 0
D 471 269298130 157528616 111769514 0
D 478 269508314 159708712 109799602 0
D 477 268538774 157724358 110814416 0
D 476 268668304 156644770 112023534 0
D 479 269384866 159530577 109854289 0
D 484 268735298 160264663 108470635 0
D 480 269257370 159326876 109930494 0
D 481 269128358 159576326 109552032 0
D 485 268613242 160031508 108581734 0
D 483 268866992 159304991 109562001 0
D 482 268997260 158615778 110381482 0
D 490 269062756 160051345 109011411 0
D 486 268492776 159035073 109457703 0
D 489 269196806 159234332 109962474 0
D 491 268932738 159017270 109915468 0
D 487 269462302 159326831 110135471 0
D 492 268804348 158121101 110683247 0
D 493 268671128 157698159 110972969 0
D 488 269336340 158189676 111146664 0
D 497 269254090 158876985 110377105 0
D 495 269513848 159000220 110513628 0
D 494 268549516 157907444 110642072 0
D 500 268869620 159579317 109290303 0
D 496 269382432 158616457 110765975 0
D 499 269000592 158991624 110008968 0
D 498 269127730 157873960 111253770 0
D 501 268739220 158944431 109794789 0
D 503 268490752 158655861 109834891 0
D 504 269459072 159927605 109531467 0
D 502 268612532 158258069 110354463 1
D 505 269332838 159012080 110320758 0
D 507 269082988 159526176 109556812 0
D 506 269204010 158628268 110575742 0
D 509 268831144 157132071 111699073 0
D 508 268957784 157070233 111887551 0
D 512 269512684 159872232 109640452 0
D 511 268564202 158725399 109838803 0
D 510 268700152 157371895 111328257 0
D 513 269371416 158685022 110686394 0
D 514 269234242 158799878 110434364 0
D 515 269105082 159015760 110089322 0
D 516 268969158 158678377 110290781 0
D 517 268845916 158729551 110116365 0
D 520 268467742 158495829 109971913 0
D 518 268720382 158295518 110424864 0
D 526 268766408 159658313 109108095 0
D 519 268590410 157788471 110801939 0
D 521 269419478 159369734 110049744 0
D 532 269066368 160674412 108391956 0
D 524 269024944 158955844 110069100 0
D 523 269151168 158235764 110915404 0
D 530 269335034 159599051 109735983 0
D 528 268516420 158329470 110186950 0
D 527 268644106 158475109 110168997 0
D 522 269282770 157834127 111448643 0
D 525 268895624 157699231 111196393 0
D 529 269467892 158421192 111046700 0
D 534 268806200 159217152 109589048 0
D 533 268931756 158056519 110875237 0
D 531 269197186 158035169 111162017 0
D 536 268551468 157974979 110576489 0
D 535 268679720 157735420 110944300 0
D 537 269490962 158864048 110626914 0
D 539 269231232 159133267 110097965 0
D 538 269361720 158001564 111360156 0
D 544 268581160 159566508 109014652 0
D 545 268445616 159067032 109378584 0
D 540 269105756 158807596 110298160 0
D 542 268848476 158688371 110160105 0
D 541 268980836 157919446 111061390 0
D 543 268713586 158449185 110264401 0
D 546 269379448 158830455 110548993 0
D 547 269253240 158811195 110442045 0
D 549 268995618 159061967 109933651 0
D 550 268862612 158593412 110269200 0
D 553 268456694 158961893 109494801 0
D 557 268994394 159312193 109682201 0
D 551 268725558 157980612 110744946 0
D 548 269124510 158373274 110751236 0
D 555 269255050 159457433 109797617 0
D 552 268588994 157903532 110685462 0
D 554 269385130 158591032 110794098 0
D 558 268864684 159131486 109733198 0
D 559 268731070 158538282 110192788 0
D 556 269123618 158714481 110409137 0
D 560 268604206 158173082 110431124 0
D 561 268476456 158761173 109715283 0
D 563 269265900 160393085 108872815 0
D 562 269395106 158141003 111254103 0
D 566 268875640 158636197 110239443 0
D 567 268741684 158250494 110491190 0
D 568 268606478 158944048 109662430 0
D 564 269132284 157097228 112035056 0
D 565 269002770 157294500 111708270 0
D 569 268479408 158984405 109495003 0
D 571 269261494 159750392 109511102 0
D 570 269404946 158308461 111096485 0
D 573 268994974 158835318 110159656 0
D 574 268858504 158200456 110658048 0
D 575 268731576 157791407 110940169 0
D 578 269391682 160235065 109156617 0
D 572 269124522 157092705 112031817 0
D 576 268609796 157702715 110907081 0
D 577 268479828 158316067 110163761 0
D 579 269251070 158341787 110909283 0
D 584 268572390 159259381 109313009 0
D 580 269110594 158834379 110276215 0
D 581 268975460 159159505 109815955 0
D 582 268845346 158905255 109940091 0
D 583 268705828 158880426 109825402 0
D 586 269341174 159606670 109734504 0
D 589 268948610 159233258 109715352 0
D 585 268436080 158384840 110051240 0
D 590 268811482 158472712 110338770 0
D 588 269074986 158741686 110333300 0
D 592 268538690 159881870 108656820 0
D 587 269202474 158203657 110998817 0
D 591 268669256 157899116 110770140 0
D 593 269450968 158898253 110552715 0
D 594 269323352 159121840 110201512 0
D 597 268919514 158953923 109965591 0
D 595 269189294 158128667 111060627 0
D 598 268784698 158372752 110411946 0
D 599 268655466 159505142 109150324 0
D 596 269052824 157378614 111674210 0
D 602 269281764 159507840 109773924 0
D 600 268525248 157293754 111231494 0
D 603 269146380 159021662 110124718 0
D 601 269422370 158648515 110773855 0
D 606 268748022 159239315 109508707 0
D 608 268484122 158968989 109515133 0
D 604 269018018 158174652 110843366 0
D 607 268617742 158123122 110494620 0
D 605 268881556 157038424 111843132 0
D 612 268985562 159304010 109681552 0
D 615 268591622 158691894 109899728 0
D 610 269249164 158715142 110534022 0
D 614 268720126 158505782 110214344 0
D 609 269384988 158538585 110846403 0
D 616 268457124 158533962 109923162 0
D 611 269115644 158584500 110531144 0
D 619 269079988 159293329 109786659 0
D 613 268853404 157642883 111210521 0
D 618 269217126 158810480 110406646 0
D 617 269348974 158764348 110584626 0
D 621 268816268 158218651 110597617 0
D 620 268944206 157630855 111313351 0
D 622 268679770 157723467 110956303 0
D 625 269298638 158655118 110643520 0
D 626 269171466 158893303 110278163 0
D 624 269437050 158414456 111022594 0
D 623 268550992 157096482 111454510 0
D 628 268895406 158905153 109990253 0
D 627 269035602 158382171 110653431 0
D 629 268761324 158492022 110269302 0
D 631 268490312 159306288 109184024 0
D 630 268627686 158436006 110191680 0
D 636 268844286 160136183 108708103 0
D 634 269118374 159548034 109570340 0
D 633 269255064 158760877 110494187 0
D 632 269385498 158257822 111127676 0
D 635 268982046 159066929 109915117 0
D 638 268572020 158271847 110300173 0
D 639 268437610 159127375 109310235 0
D 637 268711676 158357788 110353888 0
D 641 269189668 158783221 110406447 0
D 646 268516190 158942451 109573739 0
D 640 269324372 158942936 110381436 0
D 645 268648242 159010669 109637573 0
D 644 268782612 158844405 109938207 0
D 643 268920694 158422214 110498480 0
D 642 269059228 158099590 110959638 0
D 650 268969742 159231484 109738258 0
D 648 269253660 159006980 110246680 0
D 647 269393432 159012603 110380829 0
D 652 268700412 158796527 109903885 0
D 651 268835676 158273529 110562147 0
D 649 269109538 156987281 112122257 0
D 654 269441990 159410833 110031157 0
D 653 268567100 158822783 109744317 0
D 656 269169980 158864817 110305163 0
D 655 269305436 158270408 111035028 0
D 657 269038074 158151477 110886597 0
D 658 268907348 158676711 110230637 0
D 659 268773726 158551673 110222053 0
D 661 268515184 158551222 109963962 0
D 660 268640778 158559907 110080871 0
D 664 269106548 158590557 110515991 0
D 662 269384890 158945516 110439374 0
D 663 269250550 157830322 111420228 0
D 666 268829538 158390710 110438828 0
D 667 268692390 158919934 109772456 0
D 665 268967434 157565781 111401653 0
D 669 269423086 159366807 110056279 0
D 668 268555716 157971477 110584239 0
D 672 269015026 160145017 108870009 0
D 675 268615358 158704625 109910733 0
D 670 269287620 158408438 110879182 0
D 677 269336106 159475117 109860989 0
D 673 268885420 158123439 110761981 0
D 674 268748856 158045213 110703643 0
D 678 269194138 159603763 109590375 1
D 671 269152106 158164421 110987685 0
D 676 268481708 157360272 111121436 0
D 681 268787178 158459287 110327891 0
D 679 269059956 158276861 110783095 0
D 680 268927384 158619720 110307664 0
D 682 268645342 158208601 110436741 0
D 683 268501274 158184202 110317072 0
D 684 269353682 158911435 110442247 0
D 685 269220924 158893441 110327483 0
D 686 269078728 158628076 110450652 0
D 688 268802714 159538007 109264707 0
D 689 268666196 158907657 109758539 0
D 687 268936226 157428849 111507377 0
D 690 268530036 158025980 110504056 0
D 691 269385712 158903801 110481911 0
D 693 269103912 159622039 109481873 0
D 694 268959082 159640479 109318603 0
D 697 268545420 159207904 109337516 1
D 692 269244496 158633369 110611127 0
D 695 268823132 159093534 109729598 0
D 696 268687326 158303994 110383332 0
D 699 269251462 159898451 109353011 0
D 698 269396004 159159985 110236019 0
D 700 269105980 157965066 111140914 0
D 702 268825172 159506077 109319095 0
D 704 268557682 159127339 109430343 0
D 703 268693420 158626643 110066777 0
D 706 269259354 159483901 109775453 0
D 705 269400682 159249989 110150693 0
D 711 268555530 160127009 108428521 0
D 709 268837378 159317986 109519392 0
D 701 268961876 157570377 111391499 0
D 708 268977504 158572174 110405330 0
D 707 269122428 158105449 111016979 0
D 710 268697452 158309309 110388143 0
D 713 269261348 159436270 109825078 0
D 712 269397722 159360143 110037579 0
D 714 269126374 159386526 109739848 0
D 715 268984608 159069882 109914726 0
D 716 268845486 158642519 110202967 0
D 717 268706766 157862343 110844423 0
D 718 268572672 158144311 110428361 0
D 719 269407708 160125014 109282694 0
D 720 269264174 159603448 109660726 0
D 722 268976742 158842496 110134246 0
D 721 269114120 158105951 111008169 0
D 723 268839420 159037728 109801692 0
D 725 268562516 158521927 110040589 0
D 726 269400626 159012905 110387721 0
D 729 268981046 159969349 109011697 0
D 724 268700894 156973004 111727890 0
D 728 269122188 158330708 110791480 0
D 727 269264846 157311158 111953688 0
D 731 268706866 158669484 110037382 0
D 730 268843324 158599608 110243716 0
D 733 269401304 159147962 110253342 0
D 732 268565754 157568600 110997154 0
D 738 268706110 158563020 110143090 0
D 739 268560202 158526212 110033990 0
D 735 269126094 158756329 110369765 0
D 736 268993316 158583190 110410126 0
D 737 268851806 158309302 110542504 0
D 734 269267066 158375047 110892019 0
D 741 269247042 159309722 109937320 0
D 743 268964968 159050056 109914912 0
D 740 269384076 158647776 110736300 0
D 742 269106434 158927213 110179221 0
D 744 268818722 159191930 109626792 0
D 745 268678100 158480620 110197480 0
D 747 269355886 159553201 109802685 0
D 746 268538114 157513551 111024563 0
D 748 269205890 158678242 110527648 0
D 749 269071058 158080059 110990999 0
D 750 268932370 158853647 110078723 0
D 751 268795410 159362483 109432927 0
D 753 268517298 158887267 109630031 0
D 752 268658020 158557105 110100915 0
D 754 269334648 159327423 110007225 0
D 755 269191706 158903298 110288408 0
D 756 269052498 158807427 110245071 0
D 757 268914754 158112913 110801841 0
D 759 268632748 158136758 110495990 0
D 758 268775396 158141964 110633432 0
D 760 268490656 158632425 109858231 0
D 764 268883300 159397577 109485723 0
D 763 269024292 159576017 109448275 0
D 761 269307802 158760760 110547042 0
D 766 268613366 158899005 109714361 0
D 762 269166482 158581403 110585079 0
D 767 268473932 158180543 110293389 0
D 770 269024126 158692791 110331335 0
D 772 268724168 159050771 109673397 0
D 765 268747900 157624205 111123695 0
D 769 269160804 158267014 110893790 0
D 768 269293642 158267695 111025947 0
D 771 268874170 158091160 110783010 0
D 774 268437976 159133167 109304809 0
D 773 268579454 157023447 111556007 0
D 775 269248714 158774101 110474613 0
D 776 269110826 158884476 110226350 0
D 779 268675666 159040538 109635128 0
D 778 268822228 158874302 109947926 0
D 777 268967076 158017282 110949794 0
D 780 268531084 159566964 108964120 0
D 781 269336962 158765250 110571712 0
D 783 269049676 159493704 109555972 0
D 782 269197682 158896678 110301004 0
D 785 268758672 158106260 110652412 0
D 786 268616122 158895519 109720603 0
D 787 268464786 158447131 110017655 0
D 790 268985518 159229645 109755873 0
D 788 269264436 159151876 110112560 0
D 791 268842518 159427983 109414535 1
D 784 268899526 156587019 112312507 0
D 789 269122114 158378749 110743365 0
D 792 268697810 159087544 109610266 0
D 793 268547094 158219318 110327776 0
D 795 269206360 159415723 109790637 0
D 794 269346936 159057635 110289301 0
D 798 268808994 159745097 109063897 0
D 797 268947006 158955766 109991240 0
D 802 269159396 159822071 109337325 0
D 796 269079626 158192987 110886639 0
D 799 268666998 157983023 110683975 0
D 801 269301120 158694687 110606433 0
D 800 268526590 157883772 110642818 0
D 803 269019774 159279541 109740233 0
D 805 268724192 159370903 109353289 0
D 804 268867410 159005301 109862109 0
D 807 268438378 159578419 108859959 0
D 806 268585146 158259323 110325823 0
D 808 269219266 158703988 110515278 0
D 809 269073856 158415573 110658283 0
D 810 268932890 158943503 109989387 0
D 811 268792654 159314587 109478067 0
D 812 268651058 158912637 109738421 0
D 813 268499590 157404654 111094936 0
D 815 269133152 159465607 109667545 0
D 814 269283918 159089122 110194796 0
D 818 268691880 159436993 109254887 0
D 816 268985980 158318401 110667579 0
D 817 268845112 158906660 109938452 0
D 819 268543870 158875847 109668023 0
D 821 269173386 158948974 110224412 0
D 820 269324020 158603831 110720189 0
D 823 268889364 159057445 109831919 0
D 826 268468916 158914713 109554203 0
D 822 269034296 158454698 110579598 0
D 825 268611770 158031731 110580039 0
D 827 269243834 159169960 110073874 0
D 824 268752220 157661514 111090706 0
D 829 268957880 158705228 110252652 0
D 831 268676096 158658514 110017582 0
D 830 268816228 158130250 110685978 0
D 835 269022178 159546947 109475231 0
D 828 269093242 157651470 111441772 0
D 832 268533508 157800845 110732663 0
D 836 268880366 158768204 110112162 0
D 833 269310290 158499737 110810553 0
D 837 268733658 159401429 109332229 0
D 834 269168286 157632929 111535357 0
D 839 268443750 158787470 109656280 0
D 838 268585260 158043673 110541587 0
D 840 269211256 157658590 111552666 0
D 841 269066136 159747679 109318457 0
D 842 268921918 158440351 110481567 0
D 843 268783486 158535672 110247814 0
D 846 269256988 159282323 109974665 0
D 848 268960452 159121303 109839149 0
D 845 268496116 157951217 110544899 0
D 844 268638696 157547133 111091563 0
D 851 268520018 158756243 109763775 0
D 847 269109154 157971194 111137960 0
D 852 269288560 160280388 109008172 0
D 849 268812802 157685847 111126955 0
D 854 269005926 158850625 110155301 0
D 853 269145890 158662237 110483653 0
D 857 268581352 158920499 109660853 0
D 855 268866704 158463833 110402871 1
D 850 268664010 157554423 111109587 0
D 858 269335448 159484351 109851097 0
D 856 268719716 157654878 111064838 0
D 861 268875040 159174527 109700513 0
D 862 268727164 158339774 110387390 0
D 859 269188204 158494871 110693333 0
D 860 269031462 158221335 110810127 0
D 863 268580130 158024619 110555511 0
D 865 269193854 159133962 110059892 0
D 864 268438162 158396302 110041860 0
D 866 269052870 159017722 110035148 0
D 867 268908040 158353645 110554395 0
D 868 268759282 159767446 108991836 0
D 869 268620318 158757726 109862592 0
D 870 268468298 159021801 109446497 0
D 871 269215656 158748992 110466664 0
D 874 268767044 160047873 108719171 0
D 872 269066766 158223692 110843074 0
D 873 268915848 159007161 109908687 0
D 875 268621960 158221072 110400888 0
D 876 268473796 158402006 110071790 0
D 877 269227916 159077311 110150605 0
D 878 269084580 158907249 110177331 0
D 879 268943536 158548145 110395391 0
D 880 268796128 158609315 110186813 0
D 881 268643644 158593522 110050122 0
D 882 268492428 157983921 110508507 0
D 886 268784576 159595166 109189410 0
D 883 269241394 159080526 110160868 0
D 887 268629594 158312560 110317034 0
D 884 269093536 158327367 110766169 0
D 889 269226776 158923049 110303727 0
D 888 268479312 157919071 110560241 0
D 885 268938284 157861057 111077227 0
D 891 268941038 159203996 109737042 0
D 890 269087666 158586039 110501627 0
D 896 269098068 159639265 109458803 0
D 892 268788192 158271754 110516438 1
D 894 268504112 158796548 109707564 0
D 893 268642882 158646504 109996378 0
D 898 268805602 159985188 108820414 0
D 895 269246306 157812392 111433914 0
D 897 268955806 157910707 111045099 0
D 899 268655236 158689142 109966094 0
D 900 268503146 158516921 109986225 0
D 901 269242594 158547292 110695302 0
D 902 269100818 158854456 110246362 0
D 904 268805916 158911681 109894235 0
D 908 269102726 159388934 109713792 0
D 907 269249910 159282390 109967520 0
D 903 268954232 157331121 111623111 0
D 906 268507720 158312773 110194947 0
D 909 268954196 159499062 109455134 0
D 905 268652156 157822557 110829599 0
D 911 268659966 159682532 108977434 0
D 913 269246196 159327816 109918380 0
D 910 268807770 157669289 111138481 0
D 914 269091856 158884815 110207041 0
D 917 268638040 159993629 108644411 0
D 912 268514698 157825572 110689126 0
D 916 268792276 158761026 110031250 0
D 919 269210680 159448467 109762213 0
D 918 268484036 158591775 109892261 0
D 920 269052228 158772057 110280171 0
D 915 268946998 157580131 111366867 0
D 921 268903924 158309840 110594084 0
D 923 268604244 159118041 109486203 0
D 927 268875610 159528944 109346666 0
D 922 268757076 157661209 111095867 0
D 925 269171258 159268916 109902342 0
D 926 269028108 158657110 110370998 0
D 924 268448228 157217320 111230908 0
D 929 268570540 159109671 109460869 0
D 928 268725418 157748188 110977230 0
D 930 269283342 158910484 110372858 0
D 932 268991278 159079032 109912246 0
D 931 269137174 158676553 110460621 0
D 933 268840836 158017694 110823142 0
D 938 268960796 158885077 110075719 0
D 937 269111856 158789062 110322794 0
D 939 268807052 158133368 110673684 0
D 936 269267748 158144847 111122901 0
D 934 268691100 158045476 110645624 0
D 935 268549064 157602227 110946837 0
D 941 268498712 158833271 109665441 1
D 940 268652996 157850163 110802833 0
D 947 268484682 159224106 109260576 0
D 946 268629298 158605378 110023920 0
D 942 269210704 157472519 111738185 0
D 944 268914886 158020856 110894030 0
D 945 268775460 158527573 110247887 0
D 943 269060840 158351091 110709749 0
D 948 269197514 158294273 110903241 0
D 951 268739730 158429883 110309847 0
D 949 269046368 157670011 111376357 0
D 950 268894708 158422312 110472396 0
D 952 268586236 157858649 110727587 0
D 955 268988640 159695258 109293382 0
D 957 268688032 158533081 110154951 0
D 956 268839142 159133607 109705535 1
D 953 269293646 158955728 110337918 0
D 954 269138118 158045019 111093099 0
D 958 268532398 158474872 110057526 0
D 959 269238688 158303050 110935638 0
D 960 269083814 159988272 109095542 0
D 961 268931422 158279055 110652367 0
D 962 268786986 157897422 110889564 0
D 963 268638926 159096961 109541965 0
D 968 268722688 159511304 109211384 0
D 964 268483500 158854253 109629247 0
D 969 268574526 158798345 109776181 0
D 966 269025750 159002309 110023441 0
D 965 269175280 158443533 110731747 0
D 971 269123294 159961193 109162101 0
D 967 268873008 157768852 111104156 0
D 972 268968532 159145232 109823300 0
D 970 269278338 158627889 110650449 0
D 973 268821602 159675373 109146229 0
D 975 268515026 158529344 109985682 0
D 974 268667890 158161684 110506206 0
D 977 269056360 158914531 110141829 0
D 976 269210152 158458613 110751539 0
D 978 268904312 159706218 109198094 0
D 981 268451336 158363022 110088314 0
D 980 268602628 158030869 110571759 0
D 982 269133710 158359705 110774005 0
D 983 268971466 158247995 110723471 0
D 984 268816006 158856530 109959476 0
D 985 268661884 158532420 110129464 0
D 979 268752452 157071696 111680756 0
D 986 268509556 157907943 110601613 0
D 987 269199558 158682383 110517175 0
D 988 269048318 158155807 110892511 0
D 989 268895598 158749284 110146314 0
D 990 268746662 157790385 110956277 0
D 991 268596132 158065791 110530341 0
D 992 268441480 157650915 110790565 0
D 994 268963638 158985914 109977724 0
D 993 269126932 158289333 110837599 0
D 996 268649000 158740946 109908054 0
D 997 268495034 158209739 110285295 0
D 995 268804920 158147955 110656965 0
D 998 269178238 159508282 109669956 0
D 999 269025402 159094776 109930626 0
D 1000 268876900 158965964 109910936 0
D 1003 269234052 159560823 109673229 0
D 1001 268722854 157860800 110862054 0
D 1002 268558762 158614310 109944452 0
D 1007 268612242 158606934 110005308 0
D 1004 269069774 158960615 110109159 0
D 1006 268770906 158324205 110446701 0
D 1005 268918876 158132122 110786754 0
D 1011 268831798 158948783 109883015 0
D 1008 268456034 157057618 111398416 0
D 1013 268522732 158692502 109830230 0
D 1009 269136480 158244314 110892166 0
D 1015 269044042 159113672 109930370 0
D 1012 268682638 158433193 110249445 0
D 1010 268980994 157407709 111573285 0
D 1016 268888978 159115604 109773374 0
D 1014 269202476 158768169 110434307 0
D 1017 268730902 158486612 110244290 1
D 1018 268575118 158075307 110499811 1
D 1019 269250646 158113870 111136776 0
D 1020 269096484 158508730 110587754 0
D 1021 268936022 158120182 110815840 0
D 1023 268640404 159216658 109423746 0
D 1022 268787200 158351970 110435230 0
D 1024 268481182 158180393 110300789 0
D 1025 269151982 159114307 110037675 0
D 1026 268988636 158461117 110527519 0
D 1027 268822374 158472632 110349742 0
D 1028 268672290 158212723 110459567 0
D 1030 269179644 158971745 110207899 0
D 1029 268519892 158133151 110386741 0
D 1031 269018432 158831018 110187414 0
D 1032 268860768 158769323 110091445 0
D 1033 268706242 157859710 110846532 0
D 1037 268905770 158870078 110035692 0
D 1035 269219350 158679168 110540182 0
D 1034 268552424 157994688 110557736 0
D 1036 269061164 158811749 110249415 0
D 1038 268747382 158420829 110326553 0
D 1041 269097170 159489035 109608135 0
D 1043 268784562 158601271 110183291 0
D 1044 268627638 159086439 109541199 0
D 1045 268471290 158627098 109844192 0
D 1039 268591374 157791003 110800371 0
D 1042 268941896 158322563 110619333 0
D 1040 269253320 158604006 110649314 0
D 1046 269123716 157827847 111295869 0
D 1047 268960394 158279525 110680869 0
D 1048 268804626 158168545 110636081 0
D 1049 268642680 157666829 110975851 0
D 1050 268485676 158884159 109601517 0
D 1053 268828932 159439209 109389723 0
D 1051 269146706 158929499 110217207 1
D 1052 268985776 159364704 109621072 0
D 1054 268670694 158449528 110221166 0
D 1055 268512666 157696964 110815702 0
D 1060 268534340 159350116 109184224 0
D 1058 268849678 158575692 110273986 0
D 1056 269166294 158425859 110740435 0
D 1059 268693206 158475712 110217494 0
D 1057 269011434 157668420 111343014 0
D 1061 269180056 158777635 110402421 0
D 1062 269020602 158747286 110273316 0
D 1064 268703456 158761044 109942412 0
D 1066 269182866 159422834 109760032 0
D 1065 268544664 158404404 110140260 0
D 1063 268862574 157037757 111824817 1
D 1067 269025084 158915189 110109895 0
D 1074 268725644 160374787 108350857 0
D 1068 268866604 158842248 110024356 0
D 1071 269198104 159541747 109656357 0
D 1069 268707192 158266391 110440801 0
D 1072 269039774 158607335 110432439 0
D 1075 268560634 158761083 109799551 0
D 1073 268878508 158408750 110469758 0
D 1070 268543884 157116143 111427741 0
D 1078 268864674 159607617 109257057 0
D 1077 269032890 159215418 109817472 0
D 1076 269194872 158347708 110847164 0
D 1079 268703078 157748181 110954897 0
D 1080 268539686 158410988 110128698 0
D 1082 269026822 158805120 110221702 0
D 1081 269187858 158602373 110585485 0
D 1083 268871880 158617309 110254571 0
D 1084 268713230 158621112 110092118 0
D 1085 268553142 158382195 110170947 0
D 1086 269190572 158706928 110483644 0
D 1089 268731440 158898057 109833383 0
D 1087 269041768 158242332 110799436 0
D 1088 268885806 158920401 109965405 0
D 1092 269044248 158334924 110709324 0
D 1091 269207818 159278458 109929360 0
D 1095 268571170 160032604 108538566 0
D 1090 268574106 157833957 110740149 0
D 1093 268888866 159140912 109747954 1
D 1100 268576070 159468889 109107181 0
D 1094 268725822 158627711 110098111 0
D 1097 269040804 158459205 110581599 0
D 1099 268735006 158519293 110215713 0
D 1098 268886158 158933156 109953002 0
D 1096 269198044 158130150 111067894 0
D 1105 268552720 159074671 109478049 0
D 1104 268718588 158316371 110402217 0
D 1102 269048304 158703890 110344414 0
D 1101 269200178 158235070 110965108 0
D 1103 268888012 158674559 110213453 0
D 1106 269180788 158673511 110507277 0
D 1107 269016958 158829036 110187922 0
D 1108 268855420 159555432 109299988 0
D 1109 268686550 158262848 110423702 0
D 1110 268519940 158367262 110152678 1
D 1111 269132322 158874459 110257863 0
D 1113 268810512 159194990 109615522 0
D 1112 268971480 158014137 110957343 0
D 1114 268644712 158397722 110246990 0
D 1115 268480622 158213236 110267386 0
D 1119 268613360 158561321 110052039 0
D 1116 269099354 158444830 110654524 0
D 1118 268775164 157993801 110781363 0
D 1117 268936390 158193465 110742925 0
D 1120 268452508 157818639 110633869 1
D 1121 269075838 158697530 110378308 0
D 1122 268915446 158042153 110873293 0
D 1124 268582898 158723158 109859740 0
D 1125 269197618 159996550 109201068 0
D 1123 268750716 157613223 111137493 0
D 1127 268876948 159110770 109766178 0
D 1128 268718962 158693583 110025379 0
D 1126 269037316 158105596 110931720 0
D 1129 268556264 158115151 110441113 0
D 1130 269171888 159241247 109930641 0
D 1135 269118702 158860445 110258257 0
D 1132 268845662 158184339 110661323 0
D 1133 268679160 158877992 109801168 0
D 1131 269007536 157749715 111257821 0
D 1137 268793180 158872275 109920905 0
D 1134 268509136 158050981 110458155 0
D 1138 268630242 158063162 110567080 0
D 1136 268958850 158356949 110601901 0
D 1139 268475080 159218497 109256583 0
D 1140 269084894 159404935 109679959 0
D 1141 268916034 158250973 110665061 0
D 1142 268750198 157199654 111550544 0
D 1144 269201870 159515965 109685905 0
D 1146 268863958 159256849 109607109 0
D 1143 268593588 158131025 110462563 0
D 1147 268705734 158943079 109762655 0
D 1145 269030980 158908314 110122666 0
D 1148 268537270 158804872 109732398 0
D 1149 269143834 158622977 110520857 0
D 1150 268981938 158669958 110311980 0
D 1156 268770922 160591123 108179799 0
D 1151 268817594 159022355 109795239 0
D 1154 269088914 159697656 109391258 0
D 1152 268659754 158315952 110343802 0
D 1155 268930476 158753480 110176996 0
D 1153 268490798 158240086 110250712 0
D 1157 268607090 158049344 110557746 0
D 1159 269048708 159011533 110037175 0
D 1158 268442144 157623056 110819088 0
D 1160 268890530 158863234 110027296 0
D 1161 268731536 158261289 110470247 0
D 1162 268567762 158094671 110473091 1
D 1164 268988060 158793705 110194355 0
D 1166 268647056 159051835 109595221 0
D 1163 269161132 158623326 110537806 0
D 1165 268814374 158862847 109951527 0
D 1167 268474112 158747546 109726566 0
D 1168 269062092 158618745 110443347 0
D 1169 268897896 158185783 110712113 0
D 1170 268731176 158709507 110021669 0
D 1171 268561596 158725969 109835627 0
D 1176 268477320 159415192 109062128 0
D 1174 268814284 158523217 110291067 0
D 1172 269148316 157906345 111241971 0
D 1175 268643652 158066041 110577611 0
D 1173 268984114 158349310 110634804 0
D 1177 269065898 159041312 110024586 1
D 1178 268900338 157703932 111196406 0
D 1180 268570304 158323978 110246326 0
D 1181 269163346 158727107 110436239 0
D 1179 268734710 157570859 111163851 0
D 1184 268682656 158541859 110140797 0
D 1185 268515518 159116307 109399211 0
D 1183 268841288 157864303 110976985 0
D 1182 269003134 158476730 110526404 0
D 1186 269100416 159383524 109716892 0
D 1188 268774604 158987726 109786878 0
D 1187 268940770 159092366 109848404 0
D 1190 268439132 158884551 109554581 0
D 1189 268612442 157959918 110652524 0
D 1191 269016420 158779986 110236434 0
D 1192 268850388 159037605 109812783 0
D 1194 268517176 158851823 109665353 0
D 1197 268783994 159321707 109462287 0
D 1193 268685128 158474158 110210970 0
D 1196 268943974 158916670 110027304 0
D 1195 269103116 158081100 111022016 0
D 1198 268617656 158030381 110587275 0
D 1199 268443442 157987100 110456342 0
D 1200 269019710 158385116 110634594 0
D 1201 268857158 158391815 110465343 0
D 1202 268689158 158784163 109904995 0
D 1204 269100936 159093667 110007269 0
D 1205 268934520 159116112 109818408 0
D 1203 268524160 158298388 110225772 0
D 1208 268441750 159171130 109270620 0
D 1207 268602346 158864425 109737921 0
D 1206 268766338 158354579 110411759 0
D 1210 268845784 158120627 110725157 0
D 1209 269013206 158650630 110362576 0
D 1215 268740780 158606387 110134393 0
D 1212 268509974 158725376 109784598 0
D 1214 268902648 158755781 110146867 0
D 1211 268678586 158513701 110164885 0
D 1216 268572210 158408807 110163403 0
D 1213 269077738 158301524 110776214 0
D 1217 269138934 159110455 110028479 0
D 1218 268972452 158262000 110710452 0
D 1219 268815734 159117942 109697792 1
D 1220 268650212 158339003 110311209 0
D 1221 268475810 158224797 110251013 0
D 1224 268689994 158689913 110000081 0
D 1223 268863904 158422035 110441869 0
D 1222 269037260 158097390 110939870 0
D 1225 268521940 157905995 110615945 1
D 1226 269089128 158575398 110513730 0
D 1227 268924746 158651029 110273717 0
D 1228 268755936 158283286 110472650 0
D 1229 268595948 158080905 110515043 0
D 1230 269151314 158362168 110789146 0
D 1231 268978152 158491704 110486448 0
D 1232 268799318 159010874 109788444 0
D 1233 268630738 158851934 109778804 0
D 1234 268462602 158639658 109822944 0
D 1235 269022498 158514407 110508091 0
D 1236 268849836 158827907 110021929 0
D 1237 268685020 158240808 110444212 0
D 1238 268515862 158223248 110292614 0
D 1242 268566368 158597918 109968450 0
D 1239 269071908 158580255 110491653 0
D 1244 268949922 158628968 110320954 0
D 1245 268774114 158313595 110460519 0
D 1246 268598146 158827339 109770807 0
D 1241 268736416 157974539 110761877 0
D 1240 268904842 157802448 111102394 0
D 1248 268980072 159124177 109855895 0
D 1243 269117594 158612156 110505438 0
D 1247 269153250 158288308 110864942 0
D 1249 268806962 159203119 109603843 0
D 1250 268641524 158622451 110019073 0
D 1252 269020816 159084846 109935970 0
D 1251 268469002 157272906 111196096 0
D 1257 268889184 159255112 109634072 0
D 1255 268509756 158776210 109733546 0
D 1254 268680476 158485494 110194982 0
D 1253 268854392 158415236 110439156 0
D 1256 269055784 159202747 109853037 0
D 1258 268723484 158869915 109853569 0
D 1259 268556716 158890058 109666658 0
D 1260 269097812 158033670 111064142 0
D 1263 268580334 159557958 109022376 0
D 1264 269120410 159707511 109412899 0
D 1262 268755558 158620703 110134855 0
D 1261 268924356 158525231 110399125 0
D 1266 268774706 159082849 109691857 0
D 1267 268603464 158698630 109904834 0
D 1265 268939380 158609854 110329526 0
D 1268 269144782 158105982 111038800 0
D 1269 268974384 159277239 109697145 0
D 1272 268451550 158737475 109714075 0
D 1276 268439046 159214835 109224211 0
D 1278 268800772 159961962 108838810 0
D 1275 268616134 158531990 110084144 0
D 1274 268801512 158703532 110097980 0
D 1277 268972942 158645198 110327744 0
D 1271 268631550 158269313 110362237 0
D 1270 268808326 157542926 111265400 0
D 1279 268628660 157975871 110652789 0
D 1273 268979834 158174791 110805043 0
D 1280 268457340 158232683 110224657 0
D 1285 268992294 159045322 109946972 0
D 1283 268641856 158912180 109729676 0
D 1287 268652188 159406431 109245757 0
D 1282 268816034 158605070 110210964 0
D 1281 268988108 158018113 110969995 0
D 1284 268462026 158003437 110458589 0
D 1286 268823016 158651541 110171475 0
D 1288 268474356 157462909 111011447 0
D 1289 269011156 158277860 110733296 0
D 1290 268843744 159255577 109588167 0
D 1291 268668764 158184743 110484021 0
D 1293 269013178 158894835 110118343 0
D 1294 268841878 158159028 110682850 0
D 1292 268487396 157109651 111377745 0
D 1295 268669484 157978664 110690820 0
D 1297 269023286 158785017 110238269 0
D 1296 268496934 157589183 110907751 0
D 1298 268857496 159421649 109435847 0
D 1302 268857836 159109171 109748665 0
D 1300 268506630 158081214 110425416 0
D 1299 268683894 157876157 110807737 0
D 1304 268503904 158450156 110053748 0
D 1301 269031790 158808329 110223461 0
D 1307 268691812 158782943 109908869 0
D 1303 268681006 158332668 110348338 0
D 1305 269029228 158398165 110631063 0
D 1308 268522574 158615010 109907564 0
D 1309 269044864 159041331 110003533 0
D 1306 268858100 158172755 110685345 0
D 1310 268871778 158644419 110227359 0
D 1315 268673912 158766898 109907014 0
D 1312 268514708 158533858 109980850 0
D 1313 269030906 158552570 110478336 0
D 1316 268495148 158260156 110234992 0
D 1311 268689938 157977422 110712516 0
D 1314 268853084 158138831 110714253 0
D 1317 269010264 157872398 111137866 0
D 1318 268835792 158030238 110805554 0
D 1319 268659350 158213702 110445648 0
D 1320 268486502 157952396 110534106 0
D 1321 268991476 159458696 109532780 0
D 1324 268456656 158684517 109772139 0
D 1323 268634330 158540807 110093523 0
D 1322 268811946 157704657 111107289 0
D 1327 268605050 158166407 110438643 0
D 1326 268786914 158110331 110676583 0
D 1329 268937222 159168406 109768816 0
D 1328 269115778 158393060 110722718 0
D 1325 268963958 158071050 110892908 0
D 1331 268585234 158491362 110093872 0
D 1335 268563370 159569987 108993383 0
D 1334 268740480 158806144 109934336 0
D 1330 268759538 157971411 110788127 0
D 1333 268919636 158087369 110832267 0
D 1332 269088558 158470308 110618250 0
D 1338 268717972 158915473 109802499 0
D 1336 269061078 158809864 110251214 0
D 1339 268536418 158328517 110207901 0
D 1337 268888746 158515512 110373234 0
D 1341 268868236 158840101 110028135 0
D 1342 268691064 158697769 109993295 0
D 1344 269014192 159426072 109588120 0
D 1340 269042730 158293346 110749384 0
D 1343 268510930 158444392 110066538 0
D 1345 268840376 158732299 110108077 0
D 1346 268659212 158207414 110451798 0
D 1347 268473716 158685937 109787779 0
D 1348 268972166 158626908 110345258 0
D 1349 268791018 158406236 110384782 0
D 1350 268612684 158810487 109802197 0
D 1351 269102342 158209411 110892931 0
D 1352 268924136 159945037 108979099 0
D 1354 268556762 159440079 109116683 0
D 1353 268743578 157910057 110833521 0
D 1355 269046768 159512623 109534145 0
D 1357 268676412 157699865 110976547 0
D 1356 268860840 158383246 110477594 0
D 1359 268995718 158616987 110378731 0
D 1358 268500610 157757402 110743208 0
D 1362 268457868 158311172 110146696 0
D 1361 268637842 158343729 110294113 0
D 1363 268946748 158839966 110106782 0
D 1365 268570970 158930329 109640641 0
D 1369 268510796 159703712 108807084 0
D 1360 268815770 158034699 110781071 0
D 1364 268765582 158433807 110331775 0
D 1366 269050452 159434734 109615718 0
D 1368 268686532 158025599 110660933 0
D 1367 268872596 158300740 110571856 1
D 1370 268990096 158972812 110017284 0
D 1374 268921300 159256511 109664789 0
D 1371 268803406 158504357 110299049 0
D 1372 268620670 158179589 110441081 0
D 1375 268742070 158550284 110191786 0
D 1373 269098090 157663096 111434994 0
D 1376 268567630 158066899 110500731 0
D 1377 269049954 158536976 110512978 0
D 1378 268871686 159307392 109564294 0
D 1379 268694228 159531976 109162252 0
D 1380 268510974 158360300 110150674 0
D 1382 268799320 159178822 109620498 0
D 1383 268615230 158465403 110149827 0
D 1381 268989906 157661818 111328088 0
D 1384 269084750 159018607 110066143 0
D 1388 269014774 159204653 109810121 0
D 1385 268903982 157883518 111020464 0
D 1387 268542424 158355352 110187072 0
D 1389 268832342 158934692 109897650 0
D 1386 268720370 158132727 110587643 0
D 1392 268950116 158937164 110012952 0
D 1393 268766462 158769054 109997408 0
D 1397 268678070 158963687 109714383 0
D 1396 268859864 159092636 109767228 0
D 1390 268650686 158271944 110378742 0
D 1395 269044340 158561347 110482993 0
D 1391 268471444 157492812 110978632 0
D 1394 268576098 157828294 110747804 0
D 1398 268504352 158830389 109673963 0
D 1399 268984860 158388278 110596582 0
D 1401 268614010 158957644 109656366 0
D 1400 268796118 158143903 110652215 0
D 1402 268436494 158752527 109683967 0
D 1403 268907664 158685681 110221983 0
D 1405 268535136 158515799 110019337 0
D 1406 269006894 159095453 109911441 0
D 1404 268714798 157760631 110954167 0
D 1407 268822324 158149192 110673132 0
D 1408 268638728 158741010 109897718 0
D 1409 268452368 158120222 110332146 0
D 1410 268912330 158946692 109965638 0
D 1412 268540730 159036422 109504308 0
D 1411 268727806 158013491 110714315 0
D 1413 269006462 158491586 110514876 0
D 1415 268636508 159276803 109359705 0
D 1418 268727152 159253001 109474151 0
D 1414 268822132 158430724 110391408 0
D 1417 268912604 158959800 109952804 0
D 1421 268810924 159747450 109063474 0
D 1416 268451868 158353779 110098089 0
D 1419 268539648 158395550 110144098 0
D 1424 268889520 159480129 109409391 0
D 1423 269076472 158628141 110448331 0
D 1426 268510890 158886218 109624672 1
D 1420 268996572 158227283 110769289 0
D 1427 268960304 158911118 110049186 0
D 1422 268622450 156846164 111776286 0
D 1425 268699490 157013487 111686003 0
D 1428 268776510 157836251 110940259 0
D 1429 268584178 157844153 110740025 0
D 1432 268664856 159010872 109653984 1
D 1430 269038292 158781796 110256496 0
D 1431 268852470 158170481 110681989 0
D 1433 268471810 158137288 110334522 0
D 1435 268735490 159706856 109028634 0
D 1434 268919776 158589054 110330722 0
D 1436 268550408 157253570 111296838 0
D 1437 269012096 158099819 110912277 0
D 1438 268830768 159118042 109712726 0
D 1439 268648010 158733102 109914908 0
D 1440 268463636 158504665 109958971 0
D 1441 268912180 159388429 109523751 0
D 1443 268530210 158455791 110074419 0
D 1442 268722866 158568651 110154215 0
D 1444 268976720 158296908 110679812 0
D 1445 268796002 158989025 109806977 0
D 1447 269051892 158801165 110250727 0
D 1446 268608544 158190968 110417576 0
D 1448 268860252 158095456 110764796 0
D 1449 268674760 157702193 110972567 0
D 1451 268926024 158416718 110509306 0
D 1450 268486546 158356689 110129857 0
D 1453 268565246 158695879 109869367 0
D 1452 268747400 158540652 110206748 0
D 1455 268817040 158518951 110298089 0
D 1454 269000784 158566023 110434761 0
D 1456 268632476 158537168 110095308 0
D 1457 268440206 159013708 109426498 0
D 1458 268868792 159309877 109558915 0
D 1461 268925496 159397710 109527786 0
D 1462 268739596 159268309 109471287 0
D 1460 268490118 158383809 110106309 0
D 1459 268676388 158417519 110258869 0
D 1465 268791222 159632043 109159179 0
D 1463 268544208 158230640 110313568 0
D 1464 268975434 158750689 110224745 0
D 1466 268606328 158004120 110602208 0
D 1467 269041468 158838678 110202790 0
D 1469 268654770 159686362 108968408 0
D 1468 268848850 157440676 111408174 0
D 1470 268473200 157453634 111019566 0
D 1471 268908670 158383362 110525308 0
D 1472 268719766 158385812 110333954 0
D 1473 268529924 158344076 110185848 0
D 1475 268775998 158402689 110373309 0
D 1474 268962426 158106839 110855587 0
D 1477 269024978 159124562 109900416 0
D 1478 268835604 159302759 109532845 0
D 1476 268589586 157853476 110736110 0
D 1480 268459630 158315935 110143695 0
D 1481 268879238 159038232 109841006 0
D 1479 268643764 158205063 110438701 0
D 1482 268683126 157872997 110810129 0
D 1484 268920344 158393599 110526745 0
D 1485 268728754 158290370 110438384 0
D 1483 268491814 157754119 110737695 0
D 1488 268766168 159150764 109615404 0
D 1486 268538960 158480291 110058669 0
D 1487 268954640 158338086 110616554 0
D 1489 268577126 158050311 110526815 0
D 1493 269040920 158728712 110312208 0
D 1490 268998336 158994424 110003912 0
D 1491 268808370 159325203 109483167 1
D 1492 268619798 158499788 110120010 0
D 1495 268656452 159073403 109583049 0
D 1494 268843490 158199348 110644142 0
D 1496 268466290 158964772 109501518 0
D 1497 268883648 158223346 110660302 0
D 1498 268687038 157656210 111030828 0
D 1499 268488020 158360905 110127115 0
D 1500 268902914 159423569 109479345 0
D 1501 268710322 159552606 109157716 1
D 1504 268741578 159418230 109323348 0
D 1502 268517572 157525005 110992567 0
D 1503 268931950 158522671 110409279 0
D 1505 268549192 158132692 110416500 0
D 1506 268965902 158825480 110140422 0
D 1508 268573830 158683763 109890067 0
D 1509 268989126 158640060 110349066 0
D 1511 268622986 158755923 109867063 0
D 1510 268811542 158255971 110555571 0
D 1507 268772524 157131854 111640670 0
D 1513 268831166 159390813 109440353 0
D 1512 269025796 159453349 109572447 0
D 1517 268667032 158785917 109881115 0
D 1514 268638046 158292332 110345714 0
D 1515 268451892 158037327 110414565 0
D 1516 268864710 158745252 110119458 1
D 1518 268469246 158408676 110060570 0
D 1519 268873836 159111473 109762363 0
D 1521 268478832 158453279 110025553 0
D 1520 268678578 158130707 110547871 0
D 1524 268490260 158201827 110288433 0
D 1522 268883442 158501924 110381518 0
D 1525 268879476 158614012 110265464 0
D 1523 268684086 158114826 110569260 0
D 1526 268689070 159017861 109671209 0
D 1527 268505066 158836814 109668252 0
D 1529 268712562 159196092 109516470 0
D 1528 268906702 157583316 111323386 0
D 1530 268511662 158539871 109971791 0
D 1531 268915424 157909421 111006003 0
D 1533 268524778 159331344 109193434 0
D 1532 268720764 158688353 110032411 0
D 1535 268739922 159196748 109543174 0
D 1534 268931278 158110845 110820433 0
D 1536 268541216 157814518 110726698 0
D 1537 268938244 158558723 110379521 0
D 1539 268546812 158518623 110028189 0
D 1542 268551826 158667651 109884175 0
D 1538 268740080 158207322 110532758 0
D 1545 268547546 158807323 109740223 0
D 1540 268942164 158512902 110429262 0
D 1541 268745218 158664065 110081153 0
D 1544 268750608 158897540 109853068 0
D 1547 268755650 158730610 110025040 0
D 1543 268949118 158001020 110948098 0
D 1546 268945710 158601668 110344042 0
D 1548 268553068 157856814 110696254 0
D 1552 268930662 159427093 109503569 0
D 1550 268750530 158908489 109842041 0
D 1549 268942122 158172405 110769717 0
D 1553 268733796 159302437 109431359 0
D 1551 268552952 157745852 110807100 0
D 1556 268735228 158921640 109813588 0
D 1555 268931148 158337333 110593815 0
D 1554 268543270 157982265 110561005 0
D 1558 268932622 159486832 109445790 0
D 1557 268547954 157436404 111111550 0
D 1559 268737796 158704198 110033598 0
D 1560 268535854 158311378 110224476 0
D 1561 268918966 158631215 110287751 0
D 1562 268719242 158663136 110056106 0
D 1563 268521388 158682494 109838894 0
D 1564 268906088 159006109 109899979 0
D 1565 268714928 158649173 110065755 0
D 1566 268510022 158311957 110198065 0
D 1567 268889314 158756727 110132587 0
D 1568 268691002 158757904 109933098 0
D 1570 268878450 158356656 110521794 0
D 1569 268497994 157922491 110575503 0
D 1571 268685384 158520225 110165159 0
D 1572 268489484 158427038 110062446 0
D 1573 268863014 158617310 110245704 0
D 1574 268666228 159089122 109577106 0
D 1576 268847992 158984472 109863520 0
D 1575 268465114 158634202 109830912 0
D 1577 268644320 159049864 109594456 0
D 1578 268439716 158649821 109789895 0
D 1580 268607724 158876530 109731194 0
D 1579 268806734 158398320 110408414 0
D 1581 268991384 158562931 110428453 0
D 1585 268764098 159073346 109690752 0
D 1582 268786766 158378960 110407806 0
D 1584 268961534 158347469 110614065 0
D 1583 268585636 157764683 110820953 0
D 1586 268560176 158327946 110232230 0
D 1588 268732324 158513064 110219260 0
D 1587 268932750 158966919 109965831 0
D 1589 268531218 158821083 109710135 0
D 1590 268897464 158575998 110321466 0
D 1591 268699438 158335424 110364014 0
D 1594 268652424 158852859 109799565 0
D 1593 268859758 158776467 110083291 0
D 1592 268491004 158122464 110368540 0
D 1595 268453772 158135704 110318068 0
D 1598 268984106 159171522 109812584 0
D 1597 268623010 158448931 110174079 0
D 1601 268931138 159400449 109530689 0
D 1596 268823788 157619763 111204025 0
D 1599 268781132 158782643 109998489 0
D 1602 268730528 158832512 109898016 0
D 1600 268569352 158037750 110531602 0
D 1603 268524824 158178851 110345973 0
D 1605 268682450 158701252 109981198 0
D 1604 268889316 158058989 110830327 0
D 1606 268477166 158152384 110324782 0
D 1607 268842448 158433755 110408693 0
D 1608 268644094 158606476 110037618 0
D 1609 268444686 158393866 110050820 0
D 1613 268755306 158779889 109975417 0
D 1611 268588190 158580613 110007577 0
D 1612 268950860 158563447 110387413 0
D 1610 268799188 158480902 110318286 0
D 1614 268556404 158586736 109969668 0
D 1615 268912516 158466151 110446365 0
D 1616 268716300 158425581 110290719 0
D 1617 268515264 158441399 110073865 0
D 1618 268869310 158703392 110165918 0
D 1619 268665320 159286253 109379067 0
D 1620 268462508 158584540 109877968 0
D 1621 268813392 158331103 110482289 1
D 1622 268608380 158906024 109702356 0
D 1624 268750464 158850105 109900359 0
D 1623 268956488 158298342 110658146 0
D 1625 268542336 158783423 109758913 0
D 1628 268470204 158966504 109503700 0
D 1626 268884150 158843556 110040594 0
D 1629 268817672 159538658 109279014 0
D 1627 268678626 158600734 110077892 0
D 1631 268959710 159309548 109650162 0
D 1630 268613976 158535038 110078938 2
D 1632 268752662 157996605 110756057 0
D 1636 268486378 158762166 109724212 0
D 1637 268832798 158570193 110262605 0
D 1635 268693190 158431411 110261779 0
D 1633 268545756 157949298 110596458 0
D 1634 268898102 158053500 110844602 0
D 1638 268623014 158218275 110404739 0
D 1639 268970858 158536824 110434034 0
D 1642 268903414 159238482 109664932 0
D 1644 268492422 159117137 109375285 0
D 1643 268699088 158551054 110148034 0
D 1641 268563720 158758268 109805452 0
D 1640 268766030 158612179 110153851 0
D 1645 268827660 158514206 110313454 0
D 1646 268621106 159033394 109587712 0
D 1648 268749768 158497916 110251852 0
D 1647 268957072 158378081 110578991 0
D 1649 268542188 157339302 111202886 0
D 1650 268882574 158937947 109944627 0
D 1652 268480414 159018313 109462101 0
D 1651 268682250 158777976 109904274 0
D 1653 268811886 158181797 110630089 0
D 1655 268941030 158448882 110492148 0
D 1654 268600844 158619356 109981488 0
D 1657 268528696 158128149 110400547 0
D 1656 268734086 158545894 110188192 0
D 1658 268861210 159132730 109728480 0
D 1659 268652040 158588002 110064038 0
D 1660 268450454 158184748 110265706 0
D 1665 268489504 158544779 109944725 0
D 1662 268574948 158750986 109823962 0
D 1667 268619256 159041646 109577610 0
D 1664 268696826 158832792 109864034 0
D 1661 268781756 157610517 111171239 0
D 1663 268903758 158050187 110853571 0
D 1666 268822422 158126625 110695797 0
D 1668 268944638 158646394 110298244 0
D 1669 268737508 158575961 110161547 0
D 1671 268853086 158785350 110067736 0
D 1670 268528584 158477333 110051251 0
D 1673 268968648 158922629 110046019 0
D 1672 268644030 158287011 110357019 0
D 1675 268547158 158804138 109743020 0
D 1674 268760102 158511408 110248694 0
D 1676 268874268 158609997 110264271 0
D 1677 268665446 158789117 109876329 0
D 1678 268454202 157752225 110701977 0
D 1679 268776950 158174667 110602283 0
D 1680 268562498 157413765 111148733 0
D 1681 268877844 158625747 110252097 0
D 1683 268445458 158090153 110355305 0
D 1682 268660558 158165411 110495147 0
D 1684 268762092 158504032 110258060 0
D 1685 268554688 158025728 110528960 0
D 1688 268461658 158855874 109605784 0
D 1686 268879292 158561220 110318072 0
D 1690 268556944 158771269 109785675 0
D 1689 268772598 158628588 110144010 0
D 1687 268672986 158765909 109907077 0
D 1692 268658836 158982451 109676385 0
D 1695 268540852 159119716 109421136 0
D 1693 268444846 158331350 110113496 0
D 1694 268757156 158558533 110198623 0
D 1691 268873458 157862555 111010903 0
D 1696 268854978 159038261 109816717 0
D 1698 268958914 158927012 110031902 0
D 1700 268528558 159026193 109502365 0
D 1699 268746738 159029611 109717127 0
D 1697 268643188 158148604 110494584 0
D 1701 268842854 158308777 110534077 0
D 1703 268940170 158985791 109954379 0
D 1702 268629654 157815350 110814304 0
D 1705 268512476 158963178 109549298 0
D 1706 268819176 159382253 109436923 0
D 1704 268730188 158602823 110127365 0
D 1708 268913908 158988925 109924983 0
D 1707 268602450 158390358 110212092 0
D 1709 268706912 158631325 110075587 0
D 1710 268495668 158838351 109657317 0
D 1712 268589772 159016951 109572821 2
D 1713 268886790 159028172 109858618 0
D 1711 268802754 158720337 110082417 0
D 1715 268460018 158690016 109770002 1
D 1714 268667106 157576299 111090807 0
D 1723 268818480 159539118 109279362 0
D 1716 268776038 158425447 110350591 0
D 1718 268859910 158240509 110619401 1
D 1717 268555944 157904971 110650973 0
D 1724 268602234 158878557 109723677 0
D 1720 268944422 158493124 110451298 0
D 1719 268639878 157809080 110830798 0
D 1721 268730960 158173350 110557610 0
D 1725 268893958 158643552 110250406 0
D 1722 268514452 158416896 110097556 1
D 1726 268677904 158288544 110389360 0
D 1729 268532808 159000380 109532428 0
D 1730 268822510 159114064 109708446 1
D 1728 268756128 158321840 110434288 0
D 1727 268463222 157634912 110828310 0
D 1732 268890646 159124804 109765842 0
D 1734 268454936 158602553 109852383 0
D 1731 268597598 158228080 110369518 0
D 1735 268748912 158638423 110110489 0
D 1733 268673848 158394839 110279009 0
D 1736 268533536 158130947 110402589 0
D 1737 268822370 159242343 109580027 0
D 1738 268600762 158271339 110329423 0
D 1739 268887730 158015523 110872207 0
D 1740 268673202 158970224 109702978 0
D 1741 268452362 158333163 110119199 0
D 1742 268732578 157972038 110760540 0
D 1743 268514860 158448262 110066598 0
D 1744 268799148 158910982 109888166 0
D 1747 268652454 159437298 109215156 0
D 1749 268714526 159142767 109571759 0
D 1745 268585246 158003284 110581962 0
D 1751 268775928 159356503 109419425 0
D 1746 268865500 158475838 110389662 0
D 1748 268936936 158947420 109989516 0
D 1750 268490864 158387100 110103764 0
D 1753 268830052 158843541 109986511 0
D 1758 268720994 159787609 108933385 0
D 1754 268603560 157828937 110774623 0
D 1752 268554542 157813211 110741331 0
D 1755 268881524 158488371 110393153 0
D 1756 268655932 158776559 109879373 0
D 1760 268776668 159557123 109219545 1
D 1757 268437438 159068798 109368640 0
D 1759 268501562 158347329 110154233 0
D 1762 268825936 158998725 109827211 0
D 1761 268552922 158037019 110515903 0
D 1764 268884428 158773930 110110498 0
D 1763 268602760 158754402 109848358 0
D 1765 268664210 158732766 109931444 0
D 1766 268442300 158277365 110164935 0
D 1767 268719798 158734033 109985765 0
D 1768 268497162 157351158 111146004 0
D 1769 268765264 158690460 110074804 0
D 1770 268538118 158169283 110368835 1
D 1771 268811992 159469447 109342545 0
D 1772 268584816 158535469 110049347 0
D 1774 268625432 158551519 110073913 0
D 1773 268846338 158001951 110844387 0
D 1775 268887824 158898964 109988860 0
D 1777 268448766 158517436 109931330 0
D 1778 268713712 159441450 109272262 0
D 1776 268664382 158680437 109983945 0
D 1783 268577032 158699080 109877952 0
D 1781 268541792 158807318 109734474 0
D 1779 268498812 157928898 110569914 0
D 1785 268628898 158121183 110507715 0
D 1782 268803142 158401494 110401648 0
D 1780 268763316 157670140 111093176 1
D 1786 268897130 158885205 110011925 0
D 1784 268848554 158210966 110637588 0
D 1789 268714786 159310900 109403886 0
D 1787 268675336 157655719 111019617 0
D 1788 268450452 158081572 110368880 0
D 1790 268493850 158481778 110012072 0
D 1791 268762176 158771651 109990525 0
D 1796 268604738 159580995 109023743 0
D 1794 268570850 158604897 109965953 1
D 1792 268542300 158608239 109934061 0
D 1793 268800768 157992281 110808487 0
D 1795 268834472 158205233 110629239 0
D 1797 268867554 159400558 109466996 0
D 1798 268643448 159248743 109394705 0
D 1799 268903006 157309020 111593986 1
D 1800 268676348 158404610 110271738 0
D 1801 268451434 158031339 110420095 0
D 1802 268703010 158630450 110072560 0
D 1803 268481856 158458314 110023542 0
D 1804 268730386 158536137 110194249 0
D 1805 268489384 157835740 110653644 0
D 1808 268765322 159009059 109756263 0
D 1806 268736422 158118846 110617576 0
D 1810 268788190 158479055 110309135 0
D 1809 268536656 158963911 109572745 1
D 1807 268509076 157946230 110562846 0
D 1811 268564062 158475524 110088538 0
D 1812 268819080 158597543 110221537 0
D 1815 268591480 158210802 110380678 0
D 1814 268827084 158609770 110217314 0
D 1813 268585692 158206753 110378939 0
D 1817 268621328 158055728 110565600 0
D 1816 268845228 158705829 110139399 0
D 1819 268649648 158339178 110310470 0
D 1818 268870678 158637769 110232909 0
D 1821 268668098 159289959 109378139 0
D 1820 268898402 157916767 110981635 0
D 1825 268689696 159034185 109655511 0
D 1823 268674514 158706203 109968311 0
D 1824 268437852 158687795 109750057 0
D 1822 268906080 158363533 110542547 0
D 1826 268471714 158594720 109876994 0
D 1827 268723356 158024144 110699212 0
D 1828 268493438 158236014 110257424 0
D 1829 268738970 158152474 110586496 0
D 1830 268509318 158637038 109872280 0
D 1831 268751566 158068002 110683564 0
D 1833 268769752 159069666 109700086 0
D 1832 268532218 158370526 110161692 0
D 1834 268535720 157992702 110543018 0
D 1835 268776876 158786822 109990054 0
D 1836 268548412 158472769 110075643 0
D 1838 268553698 158582204 109971494 0
D 1840 268552944 158681913 109871031 0
D 1842 268555380 158741601 109813779 0
D 1843 268789358 159377833 109411525 0
D 1839 268785476 158449802 110335674 0
D 1837 268787936 157574662 111213274 0
D 1841 268786942 158257643 110529299 0
D 1844 268552748 158453846 110098902 0
D 1845 268784018 158712802 110071216 0
D 1847 268779174 158472125 110307049 0
D 1846 268549156 158178809 110370347 0
D 1848 268547550 158348752 110198798 0
D 1849 268775328 158819892 109955436 0
D 1851 268780860 159279915 109500945 0
D 1850 268552040 157682534 110869506 0
D 1853 268770304 158951495 109818809 0
D 1854 268541756 158775193 109766563 0
D 1852 268545474 158535372 110010102 0
D 1856 268547376 158604194 109943182 0
D 1855 268775320 158474379 110300941 0
D 1857 268765760 159057374 109708386 0
D 1858 268531546 158236395 110295151 0
D 1859 268754340 157943319 110811021 0
D 1860 268524762 157661203 110863559 0
D 1861 268752012 158820956 109931056 0
D 1862 268522982 158043054 110479928 0
D 1863 268746874 159200874 109546000 0
D 1865 268742452 159082702 109659750 0
D 1864 268516970 158509368 110007602 0
D 1866 268508340 158201407 110306933 0
D 1868 268487288 158441270 110046018 0
D 1869 268704936 158824805 109880131 0
D 1867 268719790 158601578 110118212 0
D 1870 268475896 158783792 109692104 0
D 1873 268685262 158637331 110047931 0
D 1876 268871602 160057027 108814575 0
D 1871 268699778 157935158 110764620 0
D 1874 268447536 158582569 109864967 1
D 1872 268465662 158209481 110256181 0
D 1877 268640234 158989391 109650843 0
D 1879 268633734 159275683 109358051 0
D 1875 268657478 158466935 110190543 0
D 1880 268851054 158745772 110105282 0
D 1878 268862564 157624445 111238119 0
D 1881 268616258 158259523 110356735 0
D 1883 268586818 158667173 109919645 0
D 1882 268825310 158450357 110374953 0
D 1885 268562576 158676150 109886426 0
D 1884 268805422 158260391 110545031 0
D 1886 268767690 159059979 109707711 0
D 1887 268529358 158102619 110426739 0
D 1888 268739648 158854801 109884847 1
D 1889 268502006 158224437 110277569 0
D 1890 268708366 158045742 110662624 0
D 1891 268473322 159274027 109199295 0
D 1892 268688660 158842541 109846119 0
D 1893 268452836 158607827 109845009 0
D 1894 268662282 158682415 109979867 0
D 1895 268865974 159066558 109799416 0
D 1896 268622114 158706346 109915768 0
D 1902 268519178 159521208 108997970 0
D 1897 268824140 158747764 110076376 0
D 1899 268790162 158556594 110233568 0
D 1900 268551152 158405859 110145293 0
D 1898 268584630 158319857 110264773 0
D 1906 268448130 158779517 109668613 0
D 1904 268487426 158509890 109977536 0
D 1907 268647220 159118462 109528758 0
D 1901 268752628 158783541 109969087 0
D 1903 268723270 158475566 110247704 0
D 1908 268838460 158712138 110126322 0
D 1905 268688132 157966459 110721673 0
D 1910 268793426 158109901 110683525 0
D 1909 268592170 158115323 110476847 1
D 1911 268557930 158269170 110288760 0
D 1912 268765056 158454420 110310636 0
D 1913 268519548 158666817 109852731 0
D 1916 268681166 159408864 109272302 0
D 1914 268717310 158725674 109991636 0
D 1915 268479750 158746713 109733037 0
D 1917 268439630 158061469 110378161 0
D 1918 268622056 158207194 110414862 0
D 1919 268815422 158159754 110655668 0
D 1920 268576200 159061938 109514262 0
D 1921 268771144 158778605 109992539 0
D 1922 268530596 158744665 109785931 0
D 1923 268714930 158104491 110610439 0
D 1924 268470430 158237025 110233405 0
D 1925 268655818 158800856 109854962 0
D 1926 268839722 158335953 110503769 0
D 1929 268543596 158169229 110374367 0
D 1931 268483438 158637320 109846118 0
D 1932 268669112 158934052 109735060 0
D 1930 268731552 158762345 109969207 0
D 1927 268593180 158076124 110517056 0
D 1928 268783428 158220174 110563254 0
D 1934 268609818 158697610 109912208 0
D 1933 268854606 159239333 109615273 0
D 1937 268753016 159082932 109670084 0
D 1935 268802244 158582945 110219299 0
D 1936 268563384 158591655 109971729 1
D 1938 268515522 158507875 110007647 0
D 1940 268442388 159528877 108913511 0
D 1939 268695610 158402683 110292927 0
D 1942 268798592 157914809 110883783 0
D 1946 268679926 159276139 109403787 0
D 1941 268621674 158171131 110450543 0
D 1944 268742004 158686561 110055443 0
D 1943 268556422 157967925 110588497 0
D 1945 268499204 157710335 110788869 0
D 1947 268857928 158611564 110246364 0
D 1948 268607940 158100313 110507627 0
D 1949 268788788 159029197 109759591 0
D 1950 268533072 158722386 109810686 0
D 1951 268706760 158407282 110299478 0
D 1952 268455036 158162679 110292357 0
D 1955 268553054 158741809 109811245 0
D 1953 268628928 158376864 110252064 0
D 1954 268796236 158446474 110349762 0
D 1956 268731378 159049714 109681664 0
D 1960 268591620 158508070 110083550 0
D 1958 268660100 158278108 110381992 0
D 1961 268768170 158546547 110221623 0
D 1959 268839224 158540741 110298483 0
D 1957 268482664 157571384 110911280 0
D 1964 268438528 157861352 110577176 1
D 1965 268617682 158369374 110248308 1
D 1963 268695434 158148911 110546523 0
D 1962 268527908 158115085 110412823 0
D 1966 268793108 158499409 110293699 1
D 1968 268710860 158651336 110059524 1
D 1967 268541952 157160502 111381450 0
D 1969 268466056 158424632 110041424 0
D 1970 268626236 158509773 110116463 0
D 1971 268784430 158382511 110401919 0
D 1973 268692218 159233109 109459109 0
D 1972 268533600 158662549 109871051 0
D 1974 268442094 158643267 109798827 0
D 1975 268606660 158575651 110031009 0
D 1976 268768436 158630531 110137905 0
D 1977 268520714 158458292 110062422 0
D 1978 268688850 158611136 110077714 1
D 1979 268440416 158291640 110148776 0
D 1980 268601286 158984301 109616985 0
D 1981 268758188 157681829 111076359 0
D 1982 268507340 158776382 109730958 0
D 1983 268662326 158486490 110175836 0
D 1985 268570168 158390191 110179977 0
D 1984 268821338 158497504 110323834 0
D 1987 268469624 158849906 109619718 0
D 1986 268717750 157958090 110759660 0
D 1989 268790388 158758732 110031656 0
D 1988 268635974 157946179 110689795 0
D 1991 268692068 158655610 110036458 0
D 1990 268538226 158306930 110231296 0
D 1993 268583010 158311572 110271438 0
D 1994 268741580 158545616 110195964 0
D 1992 268839148 158410740 110428408 0
D 1995 268483530 158510728 109972802 0
D 1996 268626842 158524120 110102722 0
D 1997 268777672 158537141 110240531 0
D 1998 268518880 158565986 109952894 0
D 1999 268665074 158390456 110274618 0
D 2001 268551120 158929218 109621902 0
D 2000 268810222 158456331 110353891 0
D 2002 268706736 158852876 109853860 0
D 2004 268613412 158318655 110294757 0
D 2003 268463728 158329036 110134692 0
D 2005 268760920 158851098 109909822 0
D 2006 268502102 157774611 110727491 0
D 2007 268649660 158997691 109651969 1
D 2008 268803716 158838465 109965251 0
D 2009 268529490 158147135 110382355 0
D 2010 268668758 158420817 110247941 0
D 2011 268815252 158414159 110401093 0
D 2012 268559388 158647199 109912189 0
D 2013 268701278 158825392 109875886 0
D 2015 268561556 158172294 110389262 0
D 2014 268829450 157742843 111086607 0
D 2017 268439014 159306697 109132317 1
D 2016 268691118 158107325 110583793 1
D 2019 268721960 158882043 109839917 1
D 2018 268582406 158330043 110252363 0
D 2024 268631726 158911034 109720692 0
D 2022 268750294 158323949 110426345 0
D 2020 268462720 157800646 110662074 0
D 2021 268607534 158524791 110082743 0
D 2026 268511048 158392853 110118195 0
D 2027 268646488 158902031 109744457 0
D 2025 268767500 157678249 111089251 0
D 2023 268493220 157437784 111055436 0
D 2028 268779544 157949357 110830187 0
D 2029 268522876 158066589 110456287 0
D 2032 268538116 159001513 109536603 0
D 2030 268654048 158427322 110226726 0
D 2031 268789974 159093750 109696224 0
D 2033 268678594 158661854 110016740 0
D 2034 268817928 159092488 109725440 0
D 2035 268564668 157880295 110684373 0
D 2036 268692948 158260230 110432718 0
D 2038 268554306 158888980 109665326 0
D 2037 268815198 158325743 110489455 0
D 2039 268682784 157992582 110690202 0
D 2040 268811826 158451036 110360790 0
D 2041 268551498 158310530 110240968 0
D 2042 268670602 158490652 110179950 0
D 2043 268790540 158839962 109950578 0
D 2045 268643090 158934453 109708637 1
D 2044 268528876 158406478 110122398 0
D 2046 268766504 158762446 110004058 0
D 2048 268622376 158916817 109705559 0
D 2052 268725112 159136140 109588972 0
D 2047 268506190 158052303 110453887 0
D 2050 268484048 158196921 110287127 0
D 2053 268470260 158347756 110122504 0
D 2054 268588828 158496841 110091987 0
D 2049 268748448 157667724 111080724 0
D 2055 268707642 159159479 109548163 0
D 2051 268606122 157871084 110735038 0
D 2056 268451076 158764047 109687029 0
D 2058 268682814 159695138 108987676 0
D 2057 268573676 157938586 110635090 0
D 2060 268522286 158385322 110136964 0
D 2059 268797686 158149673 110648013 0
D 2064 268614604 159136088 109478516 0
D 2062 268755238 158151750 110603488 1
D 2061 268638798 157826186 110812612 0
D 2063 268496638 158395444 110101194 1
D 2066 268477570 158809605 109667965 0
D 2065 268733198 158673223 110059975 0
D 2068 268703942 158546822 110157120 0
D 2067 268586378 158565737 110020641 0
D 2069 268436338 156942530 111493808 0
D 2070 268542310 158341376 110200934 0
D 2071 268644670 158612610 110032060 0
D 2072 268753958 158763938 109990020 0
D 2073 268486228 158601765 109884463 0
D 2075 268707716 159076272 109631444 0
D 2074 268601954 158754967 109846987 0
D 2076 268445142 158203189 110241953 0
D 2077 268548020 159145134 109402886 0
D 2079 268765918 158764409 110001509 0
D 2078 268663118 158493925 110169193 0
D 2081 268598296 158925657 109672639 0
D 2080 268495688 158062071 110433617 0
D 2088 268572604 158828196 109744408 0
D 2085 268642922 158475347 110167575 0
D 2084 268541508 158136056 110405452 0
D 2083 268439976 157814710 110625266 0
D 2082 268703870 158226427 110477443 0
D 2086 268741154 158517595 110223559 0
D 2087 268471350 158167361 110303989 1
D 2091 268495246 158940991 109554255 0
D 2089 268666122 158299024 110367098 0
D 2090 268761106 158576446 110184660 0
D 2093 268696348 158838115 109858233 0
D 2092 268601544 157983670 110617874 0
D 2094 268786536 158460554 110325982 1
D 2095 268510086 158376840 110133246 0
D 2096 268605278 158482520 110122758 0
D 2097 268706806 158233753 110473053 0
D 2098 268799108 158640808 110158300 0
D 2099 268529858 158474751 110055107 0
D 2100 268616144 158792658 109823486 0
D 2101 268712040 158727066 109984974 0
D 2102 268440462 158940957 109499505 0
D 2104 268620094 158885258 109734836 0
D 2103 268528484 157995894 110532590 0
D 2105 268714864 158735377 109979487 0
D 2107 268526372 159046353 109480019 0
D 2106 268441646 157765472 110676174 0
D 2109 268717074 158320228 110396846 0
D 2108 268621646 157920429 110701217 0
D 2112 268624464 159043112 109581352 0
D 2110 268451918 157694033 110757885 0
D 2111 268541810 158066895 110474915 0
D 2114 268440758 158564644 109876114 0
D 2116 268614188 158452639 110161549 0
D 2113 268712730 158076067 110636663 0
D 2117 268699304 158830717 109868587 0
D 2119 268521670 158833756 109687914 0
D 2115 268527550 157557117 110970433 0
D 2118 268793114 158335616 110457498 0
D 2120 268600906 158156470 110444436 0
D 2122 268766502 159050025 109716477 0
D 2123 268489026 158823342 109665684 0
D 2124 268576636 158543699 110032937 1
D 2121 268683710 157967596 110716114 0
D 2126 268740244 159121000 109619244 0
D 2125 268659618 158080054 110579564 0
D 2127 268473708 158216305 110257403 0
D 2128 268556904 158197776 110359128 0
D 2129 268632454 158453508 110178946 0
D 2130 268712700 158258661 110454039 0
D 2131 268783332 158932089 109851243 0
D 2132 268498790 157704542 110794248 0
D 2133 268580158 158727351 109852807 0
D 2134 268655304 158636093 110019211 0
D 2136 268443768 158007876 110435892 0
D 2137 268523644 159071452 109452192 0
D 2135 268720776 158946893 109773883 0
D 2138 268600146 158291457 110308689 0
D 2139 268670324 158229961 110440363 1
D 2143 268607102 158369135 110237967 0
D 2141 268461032 158177357 110283675 1
D 2140 268741728 158564935 110176793 0
D 2142 268528404 158520013 110008391 0
D 2145 268743714 158491824 110251890 0
D 2148 268583458 158825140 109758318 0
D 2147 268521688 158646477 109875211 0
D 2144 268681408 158589076 110092332 0
D 2146 268454778 157810045 110644733 1
D 2152 268494940 158695804 109799136 0
D 2150 268718150 158457978 110260172 1
D 2149 268650526 158084911 110565615 0
D 2151 268779708 158415123 110364585 0
D 2153 268556940 158091389 110465551 0
D 2154 268620960 158399504 110221456 0
D 2156 268746506 158784273 109962233 0
D 2155 268680886 158188372 110492514 0
D 2158 268538298 158574420 109963878 0
D 2157 268466624 157879165 110587459 0
D 2159 268600538 158886200 109714338 0
D 2160 268666890 158342293 110324597 0
D 2161 268728546 158333935 110394611 0
D 2162 268442524 158728061 109714463 0
D 2163 268504626 158292832 110211794 0
D 2165 268630470 159317429 109313041 0
D 2164 268567436 158396072 110171364 0
D 2166 268682848 159101023 109581825 0
D 2167 268740540 158018311 110722229 0
D 2168 268458078 157990425 110467653 0
D 2172 268685628 158593501 110092127 0
D 2169 268521976 158512582 110009394 1
D 2170 268578018 157924525 110653493 0
D 2173 268737752 158998471 109739281 0
D 2171 268634626 158114680 110519946 0
D 2174 268463438 158375079 110088359 0
D 2175 268516442 158277437 110239005 0
D 2178 268654760 158329499 110325261 0
D 2176 268567284 158056656 110510628 0
D 2181 268458848 159170144 109288704 0
D 2180 268749424 158973890 109775534 0
D 2177 268608094 158213718 110394376 0
D 2182 268508024 158321108 110186916 0
D 2179 268700346 158368407 110331939 0
D 2183 268554778 158376902 110177876 0
D 2184 268598670 158224724 110373946 0
D 2186 268697562 158616629 110080933 0
D 2185 268646474 158554602 110091872 0
D 2187 268737464 158511148 110226316 0
D 2188 268451644 158025270 110426374 0
D 2189 268497576 158360384 110137192 0
D 2190 268545728 159019103 109526625 0
D 2191 268590920 158205217 110385703 0
D 2192 268625972 158261677 110364295 0
D 2193 268666290 159366146 109300144 0
D 2195 268750000 159240653 109509347 0
D 2194 268705102 158402761 110302341 0
D 2196 268463216 158469637 109993579 0
D 2198 268534524 159295617 109238907 0
D 2197 268503698 158769369 109734329 0
D 2202 268719950 158522526 110197424 0
D 2200 268633816 158474136 110159680 0
D 2199 268580822 157881051 110699771 0
D 2203 268756366 159036490 109719876 0
D 2201 268678258 158435651 110242607 0
D 2204 268464406 158488970 109975436 0
D 2206 268526138 158555015 109971123 0
D 2207 268559488 157940508 110618980 0
D 2209 268635536 158168220 110467316 0
D 2208 268598388 158427534 110170854 0
D 2205 268495030 157800479 110694551 0
D 2210 268663084 158480014 110183070 0
D 2212 268723224 158988689 109734535 0
D 2211 268697286 158282533 110414753 0
D 2214 268461244 158454818 110006426 0
D 2213 268752076 158539206 110212870 0
D 2216 268533892 158286165 110247727 0
D 2215 268495750 158111528 110384222 0
D 2217 268555424 157915736 110639688 0
D 2218 268584716 158843375 109741341 0
D 2219 268604750 158537829 110066921 0
D 2220 268631240 157713877 110917363 0
D 2222 268692042 158788864 109903178 0
D 2223 268727378 158495210 110232168 0
D 2221 268657622 158301303 110356319 0
D 2224 268752918 158979236 109773682 0
D 2226 268477782 158806115 109671667 0
D 2225 268454714 158240105 110214609 0
D 2227 268504694 157993790 110510904 0
D 2228 268526214 158220589 110305625 0
D 2229 268539920 158566138 109973782 0
D 2230 268554406 158898537 109655869 0
D 2232 268592690 158465373 110127317 0
D 2231 268572086 158284796 110287290 0
D 2233 268611704 158055670 110556034 0
D 2234 268635196 158671827 109963369 0
D 2235 268652144 158423477 110228667 0
D 2237 268675094 158631574 110043520 0
D 2236 268663462 158870418 109793044 1
D 2238 268692184 158864875 109827309 0
D 2240 268719044 158981298 109737746 0
D 2239 268707930 159026242 109681688 0
D 2241 268727314 158333126 110394188 0
D 2243 268443316 158223794 110219522 0
D 2242 268742836 158365639 110377197 0
D 2244 268450000 157940472 110509528 0
D 2245 268451342 158776060 109675282 0
D 2246 268460548 158394624 110065924 0
D 2247 268471996 158428067 110043929 0
D 2248 268480530 158655269 109825261 0
D 2249 268494698 158359649 110135049 0
D 2250 268498120 158468024 110030096 0
D 2252 268505992 158626127 109879865 0
D 2251 268501664 158022967 110478697 1
D 2253 268512080 157981571 110530509 0
D 2254 268518846 158064832 110454014 0
D 2256 268542804 158688662 109854142 0
D 2255 268534208 158080783 110453425 0
D 2257 268548794 158637849 109910945 0
D 2258 268554032 158236309 110317723 1
D 2259 268557134 158624139 109932995 0
D 2260 268558894 158359016 110199878 0
D 2261 268558458 158562025 109996433 0
D 2262 268553580 158618880 109934700 0
D 2263 268553264 158589617 109963647 0
D 2265 268547132 158372452 110174680 0
D 2266 268556660 158721815 109834845 1
D 2267 268566114 159024301 109541813 0
D 2268 268566604 158937466 109629138 0
D 2264 268553054 158143657 110409397 1
D 2269 268568000 158351314 110216686 0
D 2270 268572184 158595201 109976983 0
D 2274 268561344 158451119 110110225 0
D 2275 268548078 158651974 109896104 0
D 2271 268564972 158395927 110169045 0
D 2273 268562028 158638177 109923851 0
D 2272 268565258 158068091 110497167 0
D 2276 268535620 158169835 110365785 0
D 2277 268525974 157984709 110541265 0
D 2278 268517376 158185727 110331649 0
D 2279 268512026 158090589 110421437 0
D 2280 268501860 158519530 109982330 0
D 2281 268498246 158118686 110379560 1
D 2282 268484598 158745700 109738898 0
D 2283 268474068 159145534 109328534 0
D 2284 268462394 158104735 110357659 0
D 2285 268442396 158415490 110026906 0
D 2286 268721282 158693459 110027823 0
D 2287 268705628 157993667 110711961 0
D 2291 268640436 158295118 110345318 0
D 2289 268671058 158444349 110226709 0
D 2290 268654666 158452115 110202551 0
D 2288 268691008 157623570 111067438 0
D 2292 268622134 158388445 110233689 0
D 2294 268591192 158580709 110010483 0
D 2297 268556222 158513950 110042272 0
D 2295 268582568 158580435 110002133 0
D 2296 268573776 157878567 110695209 0
D 2293 268603498 158076184 110527314 0
D 2298 268538102 158161320 110376782 0
D 2299 268525216 158660504 109864712 0
D 2300 268506848 158159615 110347233 1
D 2302 268467074 158809925 109657149 0
D 2301 268481814 158318472 110163342 0
D 2304 268717586 158822084 109895502 0
D 2305 268692194 158368436 110323758 0
D 2303 268445582 158032953 110412629 0
D 2306 268651756 158065298 110586458 1
D 2307 268619158 158897226 109721932 0
D 2308 268588278 158111594 110476684 1
D 2309 268558616 158627849 109930767 0
D 2310 268532290 158207933 110324357 0
D 2311 268506128 158824683 109681445 0
D 2312 268484668 158663467 109821201 0
D 2313 268452734 157836508 110616226 0
D 2314 268715492 158191761 110523731 0
D 2315 268680356 158502103 110178253 0
D 2317 268616208 158907637 109708571 0
D 2316 268643582 157174610 111468972 0
D 2318 268591256 158589485 110001771 0
D 2319 268560306 158799746 109760560 0
D 2320 268528944 158338293 110190651 0
D 2322 268462530 158222887 110239643 0
D 2323 268715008 158810454 109904554 0
D 2326 268607320 158408199 110199121 0
D 2324 268683894 157969113 110714781 0
D 2328 268521884 158645126 109876758 0
D 2321 268496078 158071363 110424715 0
D 2325 268642822 158363907 110278915 0
D 2327 268566800 158370592 110196208 0
D 2329 268481580 158419798 110061782 0
D 2330 268442088 158487268 109954820 0
D 2332 268644718 158737286 109907432 0
D 2331 268683748 158349016 110334732 0
D 2334 268565836 158992634 109573202 0
D 2335 268518632 158713977 109804655 0
D 2333 268611458 157761234 110850224 0
D 2336 268474982 158357117 110117865 0
D 2337 268708992 158647021 110061971 0
D 2338 268658036 158668625 109989411 0
D 2339 268620386 158132446 110487940 0
D 2340 268582156 158614361 109967795 0
D 2342 268484950 158803997 109680953 0
D 2341 268531752 157810819 110720933 0
D 2343 268439274 158488678 109950596 0
D 2344 268666060 158478056 110188004 0
D 2345 268619110 158513905 110105205 0
D 2346 268575834 158619053 109956781 0
D 2347 268513070 158252958 110260112 0
D 2348 268456654 158127368 110329286 0
D 2351 268560914 158665536 109895378 0
D 2349 268675952 158246325 110429627 0
D 2350 268618712 158143052 110475660 0
D 2353 268461574 158494439 109967135 0
D 2355 268634472 158476956 110157516 0
D 2356 268576500 158752667 109823833 0
D 2352 268513440 158241946 110271494 0
D 2357 268521286 158245045 110276241 0
D 2354 268688742 158335488 110353254 0
D 2359 268685450 158583556 110101894 0
D 2358 268467898 158038680 110429218 0
D 2360 268631998 157952370 110679628 1
D 2361 268575894 158835646 109740248 0
D 2362 268525310 158178967 110346343 0
D 2364 268678402 158812874 109865528 0
D 2363 268471050 157969076 110501974 0
D 2365 268615054 158527577 110087477 0
D 2366 268555062 158770512 109784550 0
D 2367 268485076 158590810 109894266 0
D 2368 268684720 158992034 109692686 0
D 2369 268622288 158422971 110199317 0
D 2370 268552458 158455431 110097027 0
D 2371 268479136 158203281 110275855 0
D 2372 268681928 159152110 109529818 0
D 2374 268547794 158661908 109885886 0
D 2373 268615508 158135956 110479552 0
D 2375 268478274 158385688 110092586 0
D 2376 268678244 158567979 110110265 0
D 2377 268615428 158451133 110164295 0
D 2382 268540318 158711951 109828367 0
D 2384 268664886 158891080 109773806 0
D 2385 268590138 159200327 109389811 0
D 2378 268544446 157726431 110818015 0
D 2380 268679326 158320420 110358906 0
D 2381 268610848 158073736 110537112 0
D 2379 268472656 158301887 110170769 0
D 2383 268468928 157838760 110630168 0
D 2386 268524504 158592995 109931509 0
D 2389 268584212 158484948 110099264 0
D 2387 268453210 158231192 110222018 0
D 2388 268647220 158345301 110301919 0
D 2390 268505144 158498514 110006630 0
D 2391 268687424 158637226 110050198 0
D 2394 268452204 158852799 109599405 1
D 2392 268609640 158095719 110513921 1
D 2393 268537862 158032625 110505237 0
D 2395 268630372 158528466 110101906 0
D 2396 268547656 158253857 110293799 0
D 2397 268468004 158553685 109914319 0
D 2398 268650016 158075651 110574365 0
D 2399 268576494 158638632 109937862 0
D 2400 268494822 158809824 109684998 0
D 2402 268581690 158596685 109985005 0
D 2401 268672676 158353171 110319505 1
D 2404 268665768 159261674 109404094 0
D 2403 268499420 158050621 110448799 0
D 2405 268575686 158706679 109869007 0
D 2406 268491886 158046030 110445856 0
D 2407 268659914 158915003 109744911 0
D 2408 268577426 158307478 110269948 0
D 2409 268492328 158953830 109538498 0
D 2411 268569800 158602619 109967181 0
D 2410 268656166 158399940 110256226 0
D 2413 268639744 158755718 109884026 0
D 2414 268546308 158676831 109869477 0
D 2412 268475110 158849348 109625762 0
D 2415 268454896 158110128 110344768 0
D 2417 268534320 158759252 109775068 0
D 2416 268621748 158198966 110422782 0
D 2418 268687230 158966267 109720963 0
D 2419 268594890 158129821 110465069 0
D 2420 268490774 158372037 110118737 0
D 2421 268640592 158567981 110072611 0
D 2422 268535450 158462499 110072951 1
D 2424 268597408 158609649 109987759 0
D 2423 268439482 157570595 110868887 0
D 2425 268490520 158363838 110126682 0
D 2426 268640042 158476101 110163941 0
D 2427 268538658 158427791 110110867 0
D 2428 268682050 158072272 110609778 0
D 2429 268581812 158268833 110312979 0
D 2430 268475434 157949041 110526393 0
D 2432 268535210 158922769 109612441 0
D 2433 268678962 158766657 109912305 0
D 2434 268573780 158684737 109889043 0
D 2431 268629480 157765262 110864218 0
D 2436 268618684 158658928 109959756 0
D 2435 268467844 157845326 110622518 0
D 2437 268509086 158278770 110230316 0
D 2439 268541468 158374968 110166500 0
D 2438 268651346 158297947 110353399 0
D 2441 268561528 158491963 110069565 0
D 2442 268450142 158592675 109857467 0
D 2440 268677354 158447384 110229970 0
D 2445 268615582 158658370 109957212 0
D 2443 268589422 158425328 110164094 0
D 2444 268475500 158222740 110252760 1
D 2447 268638588 158535515 110103073 0
D 2446 268505128 157882408 110622720 0
D 2448 268522802 158663196 109859606 0
D 2450 268542616 159040611 109502005 0
D 2449 268653862 158054464 110599398 0
D 2453 268446194 158588007 109858187 0
D 2451 268672588 157856063 110816525 0
D 2454 268570378 158418048 110152330 0
D 2452 268553858 158500723 110053135 0
D 2456 268586042 158335071 110250971 0
D 2455 268455914 158082359 110373555 0
D 2457 268471622 158305564 110166058 0
D 2458 268585236 158545956 110039280 0
D 2459 268456460 158416289 110040171 0
D 2460 268572978 158361900 110211078 0
D 2461 268443964 158106398 110337566 0
D 2462 268555794 158230753 110325041 0
D 2463 268667162 158121504 110545658 0
D 2464 268543658 158719990 109823668 0
D 2466 268528964 158841095 109687869 0
D 2465 268658612 158408353 110250259 0
D 2470 268497712 158882574 109615138 0
D 2467 268643652 158638303 110005349 0
D 2472 268476368 158976759 109499609 0
D 2469 268619762 158432901 110186861 0
D 2468 268515730 157803842 110711888 0
D 2474 268439060 158797927 109641133 0
D 2471 268605070 158640050 109965020 0
D 2473 268574498 158314211 110260287 0
D 2475 268544884 158451080 110093804 0
D 2477 268540084 158251352 110288732 0
D 2476 268663134 158228044 110435090 0
D 2479 268504230 158171110 110333120 0
D 2478 268643268 158425617 110217651 0
D 2480 268601242 158979339 109621903 0
D 2481 268471324 158444339 110026985 0
D 2482 268569232 158449149 110120083 0
D 2483 268657360 158736097 109921263 0
D 2484 268514190 158569076 109945114 0
D 2485 268604430 158707791 109896639 0
D 2486 268465952 158130943 110335009 0
D 2487 268559542 158078919 110480623 0
D 2488 268653674 158307949 110345725 0
D 2489 268515152 158692913 109822239 0
D 2490 268599030 158704087 109894943 0
D 2492 268556760 158680232 109876528 0
D 2491 268456098 157735564 110720534 0
D 2494 268495934 158694637 109801297 0
D 2495 268578264 157918017 110660247 0
D 2493 268648088 158425922 110222166 0
D 2496 268661748 158640437 110021311 0
D 2497 268510014 158467082 110042932 0
D 2498 268590416 158747178 109843238 0
D 2502 268454654 158727886 109726768 0
D 2503 268527952 158694146 109833806 0
D 2500 268527154 158619368 109907786 1
D 2499 268449726 157813441 110636285 0
D 2501 268608724 158463086 110145638 0
D 2504 268606732 158687040 109919692 0
D 2505 268452710 158270896 110181814 0
D 2509 268531974 158710341 109821633 0
D 2506 268531054 158516199 110014855 0
D 2508 268465976 158686840 109779136 0
D 2510 268604176 158524477 110079699 0
D 2507 268611044 158197506 110413538 0
D 2511 268441028 158612452 109828576 0
D 2512 268517492 158321996 110195496 0
D 2514 268654188 158555815 110098373 0
D 2513 268587208 158549124 110038084 0
D 2515 268502908 158342107 110160801 0
D 2516 268566964 158700478 109866486 0
D 2517 268625878 157960661 110665217 0
D 2518 268460596 158538548 109922048 0
D 2519 268513290 158593634 109919656 0
D 2520 268578626 158061391 110517235 0
D 2521 268634900 158063636 110571264 0
D 2522 268471496 158339909 110131587 0
D 2523 268525954 158881533 109644421 0
D 2524 268585088 158700322 109884766 0
D 2525 268640672 158088255 110552417 0
D 2526 268473046 158412954 110060092 0
D 2527 268524960 158147101 110377859 0
D 2531 268517556 158717382 109800174 0
D 2529 268637254 158665239 109972015 0
D 2528 268573438 158429934 110143504 0
D 2534 268645538 158971851 109673687 0
D 2530 268476910 158465758 110011152 0
D 2533 268610552 158503428 110107124 1
D 2532 268567924 157967175 110600749 0
D 2536 268514584 158383578 110131006 0
D 2535 268472700 158242053 110230647 0
D 2538 268613472 158493315 110120157 0
D 2537 268567624 158194777 110372847 0
D 2539 268440904 158626215 109814689 0
D 2540 268485492 158353312 110132180 0
D 2542 268573540 158505318 110068222 0
D 2541 268535162 158292069 110243093 0
D 2543 268619002 158092065 110526937 0
D 2544 268436314 158076084 110360230 0
D 2545 268467520 157815548 110651972 0
D 2546 268499500 158798430 109701070 0
D 2547 268544328 158351391 110192937 0
D 2548 268583662 159034583 109549079 0
D 2549 268604776 158509849 110094927 0
D 2550 268635492 158795110 109840382 0
D 2551 268458706 158470355 109988351 0
D 2552 268478548 158254524 110224024 0
D 2553 268512232 158698808 109813424 0
D 2554 268541230 158821429 109719801 0
D 2556 268586712 158041994 110544718 0
D 2555 268566814 158106931 110459883 0
D 2557 268609936 158271007 110338929 0
D 2559 268438904 158461637 109977267 0
D 2560 268459904 158209556 110250348 0
D 2558 268629744 158246660 110383084 0
D 2562 268497810 158083339 110414471 0
D 2561 268488130 158070753 110417377 0
D 2563 268502910 158502256 110000654 0
D 2565 268532370 158767232 109765138 0
D 2568 268585806 159119731 109466075 0
D 2566 268548742 158683400 109865342 0
D 2564 268513644 157932727 110580917 0
D 2569 268596334 158655339 109940995 1
D 2567 268569574 157947267 110622307 0
D 2571 268600626 159035706 109564920 0
D 2570 268594218 158653785 109940433 0
D 2572 268610182 158474125 110136057 0
D 2574 268621186 159164535 109456651 0
D 2573 268612226 157877741 110734485 0
D 2575 268624310 158482988 110141322 0
D 2576 268620122 158738676 109881446 0
D 2577 268613744 158750961 109862783 0
D 2578 268612058 158268956 110343102 0
D 2579 268613098 158710967 109902131 0
D 2580 268616624 158307002 110309622 0
D 2581 268612816 158338768 110274048 0
D 2583 268594568 158370358 110224210 0
D 2582 268605058 158259540 110345518 0
D 2584 268581136 158798057 109783079 0
D 2585 268578576 158282898 110295678 0
D 2586 268573228 158238673 110334555 0
D 2589 268542222 158588189 109954033 0
D 2587 268561998 158030097 110531901 0
D 2588 268551880 158411908 110139972 0
D 2592 268500246 158600895 109899351 0
D 2591 268510200 158155716 110354484 0
D 2593 268493502 158157436 110336066 0
D 2590 268528014 157939040 110588974 0
D 2596 268630122 158694968 109935154 0
D 2594 268474748 158120881 110353867 0
D 2595 268451564 158531038 109920526 0
D 2598 268603288 158801466 109801822 0
D 2597 268617370 158612841 110004529 0
D 2599 268580640 157851620 110729020 0
D 2600 268560796 158581497 109979299 0
D 2601 268540054 158593391 109946663 0
D 2602 268506888 158970097 109536791 0
D 2603 268481598 158217287 110264311 0
D 2604 268457032 158284910 110172122 0
D 2605 268628444 158773642 109854802 0
D 2606 268600262 158179510 110420752 0
D 2607 268567032 158486825 110080207 0
D 2608 268534350 158895893 109638457 0
D 2609 268511136 158313068 110198068 1
D 2610 268475506 158350268 110125238 0
D 2611 268441894 158453304 109988590 0
D 2613 268563168 158199671 110363497 0
D 2612 268595166 157881853 110713313 1
D 2614 268525350 158273968 110251382 0
D 2615 268482930 158566122 109916808 0
D 2616 268621524 158071021 110550503 0
D 2619 268505296 158649394 109855902 0
D 2617 268578004 157885761 110692243 0
D 2618 268541374 158134130 110407244 0
D 2621 268613612 158776306 109837306 0
D 2620 268461078 158203639 110257439 0
D 2623 268511750 158221848 110289902 0
D 2626 268563866 158802052 109761814 0
D 2622 268565438 158453212 110112226 0
D 2624 268466066 158686888 109779178 0
D 2625 268608516 158425572 110182944 0
D 2627 268507148 158387317 110119831 0
D 2628 268452074 158544408 109907666 0
D 2629 268591484 158328568 110262916 0
D 2632 268600422 158717895 109882527 0
D 2631 268471604 158477860 109993744 0
D 2630 268533608 158320643 110212965 0
D 2634 268493670 158326539 110167131 0
D 2633 268552464 158589473 109962991 0
D 2635 268435638 158179523 110256115 0
D 2636 268557442 158626483 109930959 0
D 2637 268493474 158569447 109924027 0
D 2638 268613778 158281117 110332661 0
D 2639 268541830 158349208 110192622 0
D 2640 268470236 158663819 109806417 0
D 2641 268589172 158404874 110184298 0
D 2642 268522334 158483517 110038817 0
D 2643 268448874 158224117 110224757 0
D 2644 268563414 159083004 109480410 0
D 2645 268492198 158265725 110226473 0
D 2646 268606668 158371436 110235232 0
D 2648 268474508 158375973 110098535 0
D 2647 268539268 157935580 110603688 1
D 2650 268495102 158271608 110223494 0
D 2649 268576858 158385499 110191359 0
D 2653 268611986 158802040 109809946 1
D 2651 268597248 158810780 109786468 0
D 2652 268510980 158640303 109870677 0
D 2654 268529750 158101164 110428586 0
D 2657 268456850 158453455 110003395 0
D 2658 268550314 158419463 110130851 0
D 2656 268536836 158259904 110276932 0
D 2655 268615222 157996762 110618460 1
D 2659 268462542 158253153 110209389 0
D 2661 268454356 158787584 109666772 0
D 2662 268540660 158584472 109956188 0
D 2660 268552036 158420770 110131266 0
D 2663 268455328 158303397 110151931 0
D 2664 268543832 158396648 110147184 0
D 2665 268455160 158410373 110044787 0
D 2666 268537464 158701676 109835788 0
D 2667 268444402 158533670 109910732 0
D 2668 268525026 158540755 109984271 0
D 2669 268592768 158037309 110555459 0
D 2670 268495670 158750970 109744700 0
D 2671 268578660 158216392 110362268 0
D 2672 268486586 158615437 109871149 0
D 2673 268551902 158479082 110072820 0
D 2674 268444432 158293962 110150470 0
D 2675 268522044 158415479 110106565 0
D 2677 268478284 158463833 110014451 0
D 2678 268545464 158478877 110066587 0
D 2676 268585526 158396960 110188566 0
D 2680 268489154 158807860 109681294 0
D 2681 268541776 158780304 109761472 0
D 2684 268561516 158479012 110082504 0
D 2679 268605578 158157896 110447682 0
D 2685 268450360 158299213 110151147 0
D 2682 268607326 158663469 109943857 0
D 2686 268501614 158567916 109933698 0
D 2688 268440908 158586277 109854631 0
D 2687 268557712 158444122 110113590 0
D 2683 268509450 158148732 110360718 0
D 2692 268460314 158639340 109820974 0
D 2691 268584320 158751164 109833156 0
D 2689 268489552 158464017 110025535 0
D 2690 268533144 158535565 109997579 0
D 2693 268508632 158351655 110156977 0
D 2695 268590166 158538201 110051965 0
D 2694 268548318 158170457 110377861 0
D 2696 268467120 158194381 110272739 0
D 2697 268519022 158447634 110071388 0
D 2698 268554344 158377547 110176797 0
D 2699 268590194 159141412 109448782 0
D 2700 268453770 158395079 110058691 0
D 2702 268526846 158473434 110053412 0
D 2701 268489146 157791905 110697241 0
D 2703 268561660 158520878 110040782 0
D 2704 268595492 158750043 109845449 0
D 2705 268458094 158458736 109999358 1
D 2706 268487060 158476001 110011059 0
D 2707 268523568 158398951 110124617 0
D 2708 268548156 158359356 110188800 0
D 2710 268438566 158322362 110116204 0
D 2709 268570994 158336321 110234673 0
D 2711 268463276 158607741 109855535 0
D 2713 268493790 158608451 109885339 0
D 2712 268478334 158061406 110416928 0
D 2718 268553178 158670668 109882510 0
D 2714 268506548 158289020 110217528 0
D 2716 268536736 158572311 109964425 0
D 2717 268547202 158460561 110086641 1
D 2715 268519066 158225199 110293867 1
D 2719 268564934 158530168 110034766 0
D 2720 268575578 158404451 110171127 0
D 2721 268585976 158645210 109940766 0
D 2722 268587002 158191636 110395366 0
D 2723 268590346 158384654 110205692 0
D 2724 268588378 158392646 110195732 0
D 2725 268583126 158527643 110055483 0
D 2726 268577826 158512515 110065311 0
D 2727 268574538 158357242 110217296 0
D 2728 268576114 158243149 110332965 0
D 2729 268570430 158395486 110174944 0
D 2730 268555350 158080269 110475081 0
D 2734 268511048 158230090 110280958 0
D 2732 268536122 158563755 109972367 0
D 2731 268545402 158128256 110417146 0
D 2733 268519292 158425236 110094056 0
D 2735 268503322 158288837 110214485 0
D 2737 268461652 158776500 109685152 0
D 2736 268485038 158676941 109808097 0
D 2738 268437854 158477125 109960729 0
D 2739 268577398 158549265 110028133 0
D 2740 268557172 158563495 109993677 0
D 2741 268536350 158811110 109725240 0
D 2744 268465780 158465471 110000309 0
D 2745 268588330 158321583 110266747 0
D 2743 268494004 158469211 110024793 0
D 2747 268522632 158522520 110000112 0
D 2746 268554118 158118026 110436092 0
D 2742 268514950 158040035 110474915 0
D 2748 268486550 158208860 110277690 0
D 2750 268577102 158717819 109859283 0
D 2749 268463160 157876257 110586903 0
D 2751 268541896 158422142 110119754 0
D 2752 268508798 158505395 110003403 0
D 2753 268462684 158368173 110094511 0
D 2754 268568476 158752733 109815743 0
D 2755 268516470 158084504 110431966 0
D 2756 268466572 158796210 109670362 0
D 2757 268571060 158249385 110321675 0
D 2758 268514474 158907963 109606511 0
D 2759 268461780 158206038 110255742 0
D 2760 268566542 158642998 109923544 0
D 2761 268512512 158858582 109653930 0
D 2763 268546500 158530434 110016066 1
D 2762 268452636 158017765 110434871 0
D 2765 268582478 158166385 110416093 0
D 2764 268488908 158034597 110454311 0
D 2766 268515048 158202167 110312881 0
D 2767 268454862 158285511 110169351 0
D 2768 268545338 158155824 110389514 0
D 2769 268493762 158269712 110224050 0
D 2773 268505910 158443566 110062344 0
D 2770 268572908 158689024 109883884 0
D 2772 268569676 158669374 109900302 0
D 2774 268435980 158223375 110212605 0
D 2775 268515636 158298782 110216854 1
D 2771 268492726 157955476 110537250 0
D 2776 268438300 158190094 110248206 0
D 2777 268499052 158578113 109920939 0
D 2778 268559166 158499597 110059569 0
D 2780 268548826 158654221 109894605 0
D 2779 268478050 158375043 110103007 0
D 2781 268470892 158657449 109813443 0
D 2784 268512968 158203264 110309704 0
D 2782 268542398 158147731 110394667 0
D 2783 268459642 158224821 110234821 0
D 2785 268565140 158705420 109859720 0
D 2787 268525818 158378025 110147793 1
D 2786 268476104 157953340 110522764 0
D 2788 268571222 158667395 109903827 0
D 2789 268482246 158335251 110146995 0
D 2790 268531486 158696676 109834810 0
D 2791 268568578 158362236 110206342 0
D 2792 268464036 158550953 109913083 0
D 2793 268506014 158316030 110189984 0
D 2795 268575270 158608090 109967180 0
D 2794 268542024 158354043 110187981 0
D 2796 268459494 158409353 110050141 0
D 2797 268492338 158329927 110162411 0
D 2798 268529790 158347056 110182734 0
D 2802 268493290 158959112 109534178 0
D 2799 268562462 158376258 110186204 0
D 2805 268548892 158662876 109886016 0
D 2803 268510956 158079818 110431138 0
D 2800 268446762 158169721 110277041 0
D 2801 268470894 157922900 110547994 0
D 2806 268438886 158494963 109943923 0
D 2804 268531032 158318529 110212503 0
D 2807 268449538 158304895 110144643 0
D 2808 268460992 158258343 110202649 0
D 2810 268484238 158628953 109855285 0
D 2809 268470008 158085870 110384138 0
D 2811 268493202 158540273 109952929 0
D 2812 268496842 158687158 109809684 0
D 2813 268504066 158211314 110292752 0
D 2814 268506606 158189435 110317171 0
D 2815 268500828 158244367 110256461 0
D 2818 268492024 158637210 109854814 0
D 2817 268495744 158388704 110107040 0
D 2816 268501784 157891284 110610500 0
D 2819 268487712 158301871 110185841 0
D 2820 268475976 158593159 109882817 0
D 2821 268474584 158432143 110042441 0
D 2822 268453012 158216797 110236215 0
D 2823 268442418 158265651 110176767 1
D 2824 268562252 158923271 109638981 0
D 2825 268552308 158383034 110169274 0
D 2827 268499436 158475212 110024224 0
D 2828 268476366 158396662 110079704 0
D 2826 268532938 158270625 110262313 0
D 2829 268446228 158523038 109923190 0
D 2837 268548800 158531974 110016826 0
D 2830 268541072 158433102 110107970 0
D 2832 268471750 158303305 110168445 0
D 2835 268499118 158504357 109994761 0
D 2834 268526110 158479169 110046941 0
D 2833 268563020 158303697 110259323 0
D 2836 268457496 158669558 109787938 0
D 2831 268509496 158319395 110190101 0
D 2838 268503766 158199898 110303868 0
D 2839 268453522 158611513 109842009 0
D 2842 268442452 158725604 109716848 0
D 2840 268531656 158130434 110401222 0
D 2841 268495194 158582892 109912302 0
D 2844 268468398 158766287 109702111 0
D 2843 268525900 158473864 110052036 0
D 2845 268538618 158350572 110188046 0
D 2846 268484146 158387905 110096241 0
D 2848 268487668 158459965 110027703 0
D 2847 268552612 158335028 110217584 1
D 2849 268541068 158455361 110085707 1
D 2850 268469314 158130652 110338662 0
D 2853 268516372 158244523 110271849 0
D 2851 268530790 158176072 110354718 0
D 2852 268462714 158564258 109898456 1
D 2854 268557326 158578721 109978605 0
D 2855 268480992 158490263 109990729 0
D 2856 268525646 158412454 110113192 0
D 2857 268448542 158312204 110136338 0
D 2858 268496548 158215391 110281157 0
D 2859 268538798 158664568 109874230 0
D 2860 268464270 158324856 110139414 0
D 2861 268505860 158439435 110066425 0
D 2863 268436880 158532259 109904621 0
D 2862 268530914 158192303 110338611 0
D 2866 268512778 158335667 110177111 1
D 2867 268524862 158624409 109900453 0
D 2868 268551082 158265106 110285976 0
D 2864 268469896 158485860 109984036 0
D 2865 268495666 158450138 110045528 0
D 2871 268503760 158543164 109960596 0
D 2869 268457002 158205416 110251586 0
D 2872 268522920 158287791 110235129 0
D 2870 268479104 158154481 110324623 1
D 2873 268529404 158490220 110039184 0
D 2874 268533820 158125470 110408350 0
D 2875 268544490 158313263 110231227 0
D 2877 268542830 158665603 109877227 0
D 2876 268545044 158355929 110189115 0
D 2878 268543546 158471744 110071802 0
D 2879 268541054 158339530 110201524 0
D 2880 268539414 158531625 110007789 0
D 2883 268499132 158483788 110015344 0
D 2882 268517390 158706121 109811269 0
D 2884 268486366 158667017 109819349 0
D 2881 268532710 158353774 110178936 0
D 2885 268475550 158466911 110008639 0
D 2887 268449284 158449264 110000020 0
D 2890 268502402 158590576 109911826 0
D 2886 268461920 158153350 110308570 0
D 2888 268437304 158205716 110231588 0
D 2889 268526802 158327011 110199791 0
D 2893 268510740 158737867 109772873 0
D 2894 268482902 158694189 109788713 0
D 2895 268441988 158510015 109931973 0
D 2891 268469196 158476195 109993001 0
D 2892 268547574 158191159 110356415 0
D 2897 268492688 158202482 110290206 0
D 2896 268526896 158199241 110327655 0
D 2898 268458906 158058136 110400770 0
D 2899 268525922 158290181 110235741 0
D 2900 268471030 158422997 110048033 0
D 2902 268477208 158181723 110295485 0
D 2901 268533170 158426763 110106407 0
D 2904 268460194 158901262 109558932 0
D 2903 268528398 158396832 110131566 0
D 2905 268506788 158481514 110025274 0
D 2906 268444408 158047109 110397299 0
D 2907 268493224 158565977 109927247 0
D 2908 268541308 158616309 109924999 0
D 2909 268474432 158499997 109974435 0
D 2910 268528922 158314706 110214216 0
D 2912 268502278 158619999 109882279 0
D 2911 268463948 158662416 109801532 0
D 2913 268538208 158662644 109875564 0
D 2914 268446804 158634351 109812453 0
D 2915 268476426 158396174 110080252 0
D 2916 268501654 158691610 109810044 0
D 2919 268447380 158683643 109763737 0
D 2918 268533844 158386147 110147697 0
D 2920 268465068 158454032 110011036 0
D 2917 268517724 158246571 110271153 0
D 2925 268515430 158414695 110100735 0
D 2922 268480460 158250955 110229505 0
D 2924 268507148 158538905 109968243 0
D 2921 268473542 158386676 110086866 0
D 2923 268492624 158259797 110232827 0
D 2926 268512768 158262204 110250564 0
D 2927 268501592 158287546 110214046 0
D 2928 268491298 158474494 110016804 0
D 2929 268486288 158115254 110371034 0
D 2930 268475430 157958681 110516749 0
D 2931 268454804 158615200 109839604 0
D 2933 268517702 158547473 109970229 0
D 2932 268438156 158492939 109945217 0
D 2934 268492308 158857604 109634704 0
D 2935 268466906 158452966 110013940 0
D 2937 268511492 158580293 109931199 0
D 2936 268436074 158022072 110414002 0
D 2938 268479014 158208760 110270254 0
D 2939 268537684 158405038 110132646 0
D 2940 268506368 158350902 110155466 0
D 2941 268469240 158646035 109823205 0
D 2943 268480170 158573571 109906599 0
D 2942 268528792 158240727 110288065 0
D 2944 268534122 158477217 110056905 0
D 2945 268485860 158356530 110129330 0
D 2947 268482588 158659734 109822854 0
D 2946 268531020 158411249 110119771 0
D 2948 268519926 158369793 110150133 0
D 2950 268498840 158302079 110196761 0
D 2954 268523276 158600773 109922503 0
D 2949 268455564 158388827 110066737 0
D 2952 268474904 158403834 110071070 0
D 2951 268437970 158192131 110245839 0
D 2955 268453638 158464534 109989104 0
D 2953 268499536 158419505 110080031 0
D 2956 268486002 158666722 109819280 0
D 2958 268519998 158723606 109796392 0
D 2957 268504028 158238544 110265484 0
D 2960 268525648 158401270 110124378 0
D 2959 268521072 158435210 110085862 0
D 2961 268435682 158516391 109919291 0
D 2962 268532012 158315823 110216189 0
D 2963 268527282 158114812 110412470 1
D 2964 268520740 158617063 109903677 0
D 2965 268506290 158562004 109944286 0
D 2966 268500654 158502251 109998403 0
D 2967 268486518 158436392 110050126 0
D 2968 268464722 158570321 109894401 0
D 2969 268448840 158243550 110205290 0
D 2970 268527328 158613562 109913766 0
D 2971 268503170 158538729 109964441 0
D 2973 268449926 157971981 110477945 0
D 2972 268481702 158181891 110299811 0
D 2974 268509140 158285694 110223446 0
D 2975 268475578 158478948 109996630 0
D 2976 268444078 158271515 110172563 0
D 2977 268500728 158201723 110299005 0
D 2981 268483302 158687872 109795430 0
D 2982 268513676 158298402 110215274 0
D 2978 268452026 158312607 110139419 0
D 2985 268517340 158321081 110196259 0
D 2979 268492154 157998394 110493760 0
D 2980 268445198 157945779 110499419 0
D 2986 268457310 158042739 110414571 0
D 2984 268495358 158531275 109964083 0
D 2983 268457280 158513870 109943410 0
D 2987 268482550 158395476 110087074 0
D 2988 268499464 158071940 110427524 0
D 2989 268512322 158397736 110114586 0
D 2990 268518042 158424984 110093058 0
D 2991 268439860 158679362 109760498 0
D 2992 268454082 158638643 109815439 0
D 2993 268451330 158040080 110411250 0
D 2995 268459654 158511821 109947833 0
D 2994 268458786 158356269 110102517 0
D 2996 268457994 158276922 110181072 0
D 2997 268444572 158540724 109903848 0
D 2998 268521062 158458419 110062643 0
D 2999 268506616 158081452 110425164 0
D 3000 268478888 158585596 109893292 0
D 3001 268446430 158240424 110206006 0
D 3002 268500258 158574941 109925317 0
D 3003 268470504 158210589 110259915 0
D 3006 268515004 158562050 109952954 0
D 3005 268471512 158642442 109829070 0
D 3004 268511846 158196402 110315444 0
D 3007 268477486 158127222 110350264 0
D 3009 268456340 158456408 109999932 0
D 3010 268486274 158211922 110274352 0
D 3013 268473374 158192113 110281261 0
D 3014 268495074 158550452 109944622 0
D 3012 268453482 158414148 110039334 0
D 3008 268512386 158461638 110050748 0
D 3015 268509588 158358491 110151097 0
D 3011 268513018 158389823 110123195 0
D 3017 268445928 158452941 109992987 0
D 3018 268460198 158377039 110083159 0
D 3016 268437730 158268302 110169428 0
D 3019 268462058 158660033 109802025 0
D 3020 268451628 158229963 110221665 0
D 3025 268470600 158771384 109699216 0
D 3021 268442868 158388075 110054793 0
D 3022 268445450 158534690 109910760 0
D 3023 268510026 158554208 109955818 0
D 3024 268493356 158571930 109921426 0
D 3026 268515596 158331814 110183782 0
D 3027 268483890 158273347 110210543 0
D 3028 268453450 158345114 110108336 0
D 3029 268505302 158720166 109785136 0
D 3030 268471940 158488597 109983343 0
D 3031 268507122 158300450 110206672 0
D 3032 268466682 158360147 110106535 0
D 3035 268460542 158543770 109916772 1
D 3034 268437426 158498265 109939161 0
D 3033 268494616 158390074 110104542 0
D 3036 268478016 158316183 110161833 0
D 3040 268446646 158295642 110151004 0
D 3037 268499978 158289342 110210636 0
D 3041 268451510 158505569 109945941 0
D 3043 268441418 158284218 110157200 0
D 3042 268447680 158465496 109982184 0
D 3038 268510876 158227738 110283138 0
D 3039 268512974 158256151 110256823 0
D 3044 268506438 158440485 110065953 0
D 3045 268488276 158379735 110108541 0
D 3048 268444630 158176114 110268516 0
D 3047 268464750 158608311 109856439 0
D 3046 268480544 158183253 110297291 0
D 3049 268489470 158334762 110154708 0
D 3050 268450710 158327661 110123049 1
D 3052 268451068 158037450 110413618 0
D 3055 268454772 158373639 110081133 0
D 3053 268477792 158396287 110081505 0
D 3051 268494266 158538930 109955336 0
D 3054 268509078 158466811 110042267 0
D 3056 268476116 158437684 110038432 0
D 3057 268484198 158375237 110108961 0
D 3058 268487962 158386660 110101302 0
D 3059 268478236 158364420 110113816 1
D 3060 268479600 158191152 110288448 0
D 3061 268466852 158335080 110131772 0
D 3063 268440764 158545080 109895684 0
D 3064 268499336 158426155 110073181 0
D 3062 268454914 158181441 110273473 1
D 3065 268484382 158124187 110360195 0
D 3066 268460306 158426033 110034273 0
D 3067 268494906 158407413 110087493 0
D 3069 268493366 158477299 110016067 0
D 3071 268478516 158470498 110008018 0
D 3068 268456770 158590334 109866436 0
D 3074 268462610 158521615 109940995 0
D 3070 268451868 158323125 110128743 0
D 3072 268446622 158612547 109834075 0
D 3073 268457474 158323748 110133726 0
D 3077 268470698 158511586 109959112 0
D 3076 268467930 158358490 110109440 0
D 3075 268467002 158201612 110265390 0
D 3079 268462568 158506350 109956218 0
D 3080 268457934 158414765 110043169 0
D 3078 268466722 158285273 110181449 0
D 3081 268442306 158335386 110106920 0
D 3084 268444884 158465923 109978961 0
D 3082 268489654 158493823 109995831 0
D 3085 268485230 158232536 110252694 0
D 3083 268468690 158125831 110342859 0
D 3087 268466878 158370238 110096640 0
D 3086 268441670 158223779 110217891 0
D 3088 268485122 158299575 110185547 0
D 3089 268437090 158465340 109971750 1
D 3090 268442946 158555799 109887147 0
D 3091 268442112 158446566 109995546 0
D 3093 268499940 158636023 109863917 0
D 3092 268443406 158086510 110356896 0
D 3094 268488104 158458106 110029998 0
D 3095 268470674 158111027 110359647 0
D 3096 268448542 158463729 109984813 0
D 3097 268494446 158321765 110172681 0
D 3099 268441124 158475684 109965440 0
D 3102 268448606 158405048 110043558 0
D 3101 268497444 158514420 109983024 0
D 3098 268474656 158090498 110384158 0
D 3100 268474888 158501508 109973380 0
D 3103 268460738 158449776 110010962 0
D 3105 268465630 158695958 109769672 0
D 3106 268467596 158452836 110014760 0
D 3104 268467704 158319599 110148105 0
D 3107 268458628 158142572 110316056 0
D 3110 268460880 158449241 110011639 0
D 3108 268442490 158392136 110050354 0
D 3109 268483218 158222721 110260497 0
D 3113 268475888 158283428 110192460 0
D 3111 268492776 158265892 110226884 0
D 3112 268452576 158196092 110256484 0
D 3114 268492320 158554572 109937748 0
D 3115 268440016 158089058 110350958 0
D 3117 268443544 158388304 110055240 0
D 3116 268446732 158442304 110004428 0
D 3118 268436106 158319507 110116599 0
D 3119 268485480 158447240 110038240 0
D 3120 268475624 158365007 110110617 0
D 3121 268453548 158207877 110245671 0
D 3123 268442548 158486900 109955648 1
D 3122 268484444 158502303 109982141 0
D 3126 268459424 158557325 109902099 0
D 3124 268469996 158241226 110228770 1
D 3127 268472490 158467782 110004708 0
D 3125 268441378 158329161 110112217 0
D 3128 268475302 158627236 109848066 0
D 3131 268446680 158297205 110149475 0
D 3132 268474296 158432283 110042013 0
D 3130 268467480 158575754 109891726 0
D 3129 268477122 158301820 110175302 0
D 3133 268445106 158323278 110121828 0
D 3135 268490672 158670932 109819740 0
D 3136 268453482 158746445 109707037 0
D 3134 268470450 158278223 110192227 0
D 3137 268464354 158393830 110070524 0
D 3138 268473004 158423583 110049421 0
D 3139 268473482 158335593 110137889 0
D 3140 268450952 158301568 110149384 0
D 3141 268490120 158383535 110106585 0
D 3142 268459058 158574427 109884631 0
D 3144 268454304 158341061 110113243 0
D 3145 268470622 158606698 109863924 0
D 3143 268487726 158229070 110258656 0
D 3146 268480002 158456443 110023559 0
D 3147 268485308 158364420 110120888 1
D 3148 268479368 158414935 110064433 0
D 3149 268484544 158502283 109982261 0
D 3150 268472886 158591360 109881526 0
D 3152 268477834 158544100 109933734 0
D 3153 268484044 158608131 109875913 0
D 3151 268457330 158468418 109988912 0
D 3157 268464112 158463995 110000117 1
D 3155 268452304 158205145 110247159 0
D 3154 268449412 158226161 110223251 0
D 3156 268459938 158445939 110013999 0
D 3158 268465156 158427060 110038096 0
D 3159 268451590 158434713 110016877 0
D 3162 268452464 158391727 110060737 1
D 3160 268475708 158292454 110183254 0
D 3165 268461202 158391702 110069500 0
D 3161 268443256 158236538 110206718 0
D 3163 268460448 158512978 109947470 0
D 3164 268460464 158442944 110017520 0
D 3166 268453280 158282629 110170651 0
D 3167 268484912 158681072 109803840 0
D 3169 268466208 158711137 109755071 0
D 3168 268447982 158273290 110174692 0
D 3170 268477858 158104837 110373021 0
D 3172 268479758 158428627 110051131 0
D 3173 268474764 158400041 110074723 1
D 3171 268473904 158538070 109935834 0
D 3175 268482372 158204427 110277945 1
D 3174 268456154 158459665 109996489 0
D 3176 268452768 158534865 109917903 0
D 3177 268450466 158262366 110188100 0
D 3178 268449258 158189906 110259352 0
D 3179 268441840 158355210 110086630 0
D 3180 268480100 158541687 109938413 0
D 3181 268461358 158494855 109966503 0
D 3183 268445808 158325114 110120694 0
D 3186 268450526 158418815 110031711 0
D 3185 268457698 158412856 110044842 0
D 3182 268480298 158391160 110089138 0
D 3184 268457386 158440288 110017098 0
D 3188 268461630 158546874 109914756 0
D 3187 268478278 158380435 110097843 0
D 3189 268439602 158318113 110121489 0
D 3192 268447632 158477136 109970496 1
D 3190 268453502 158209993 110243509 0
D 3191 268459798 158215722 110244076 0
D 3194 268463242 158404763 110058479 0
D 3193 268481114 158238204 110242910 0
D 3195 268440256 158197316 110242940 0
D 3196 268454754 158457514 109997240 0
D 3198 268437308 158540065 109897243 0
D 3197 268451146 158262653 110188493 0
D 3199 268458568 158419699 110038869 1
D 3201 268437896 158401666 110036230 0
D 3200 268476446 158411871 110064575 0
D 3202 268477868 158205400 110272468 0
D 3203 268465068 158368283 110096785 0
D 3204 268453994 158391743 110062251 0
D 3205 268439972 158359999 110079973 0
D 3206 268454014 158491238 109962776 0
D 3207 268461748 158387774 110073974 0
D 3208 268454616 158370704 110083912 0
D 3209 268438568 158324009 110114559 0
D 3210 268459202 158485666 109973536 0
D 3212 268469998 158367514 110102484 0
D 3211 268465622 158544916 109920706 0
D 3215 268436274 158407110 110029164 0
D 3214 268456094 158234424 110221670 0
D 3213 268469666 158153341 110316325 0
D 3218 268457724 158595508 109862216 0
D 3217 268473482 158316937 110156545 0
D 3216 268441106 158047258 110393848 0
D 3220 268462400 158518311 109944089 0
D 3219 268446046 158513725 109932321 0
D 3222 268457218 158540952 109916266 0
D 3221 268465866 158153429 110312437 0
D 3224 268465476 158518137 109947339 0
D 3223 268448258 158312673 110135585 0
D 3225 268464162 158547705 109916457 1
D 3226 268469358 158350061 110119297 0
D 3227 268455940 158425691 110030249 0
D 3228 268437132 158232419 110204713 0
D 3229 268442164 158437546 110004618 0
D 3231 268457706 158263883 110193823 0
D 3230 268437436 158584906 109852530 0
D 3232 268473484 158344937 110128547 0
D 3233 268450616 158311663 110138953 0
D 3234 268453494 158241115 110212379 0
D 3235 268436242 158149158 110287084 0
D 3236 268450436 158503527 109946909 1
D 3237 268464206 158427937 110036269 0
D 3238 268466842 158424383 110042459 0
D 3239 268468076 158481824 109986252 0
D 3240 268444884 158436692 110008192 0
D 3241 268441292 158262444 110178848 0
D 3242 268437516 158353317 110084199 0
D 3243 268450256 158310633 110139623 0
D 3244 268451434 158476531 109974903 0
D 3246 268437460 158305673 110131787 0
D 3247 268445330 158431507 110013823 0
D 3251 268465726 158379918 110085808 0
D 3245 268446144 158309286 110136858 0
D 3249 268451274 158431079 110020195 1
D 3250 268462112 158380221 110081891 0
D 3248 268465422 158148513 110316909 0
D 3254 268469154 158372605 110096549 0
D 3253 268443652 158369594 110074058 0
D 3252 268464502 158214325 110250177 0
D 3255 268447780 158184310 110263470 0
D 3256 268455950 158330724 110125226 1
D 3260 268436514 158560583 109875931 0
D 3258 268437952 158373107 110064845 0
D 3257 268456600 158397083 110059517 0
D 3259 268455956 158280575 110175381 0
D 3261 268441438 158447515 109993923 0
D 3262 268441272 158186268 110255004 0
D 3263 268438672 158449123 109989549 0
D 3265 268450336 158460142 109990194 0
D 3266 268435788 158537588 109898200 0
D 3264 268452878 158495765 109957113 0
D 3267 268438780 158242909 110195871 0
D 3268 268463568 158377222 110086346 0
D 3269 268449364 158352193 110097171 0
D 3270 268464106 158376204 110087902 0
D 3273 268456986 158694865 109762121 0
D 3271 268450644 158427501 110023143 0
D 3272 268458994 158426138 110032856 0
D 3274 268440916 158259502 110181414 0
D 3277 268465488 158590024 109875464 0
D 3276 268454212 158403405 110050807 0
D 3278 268453302 158375925 110077377 0
D 3275 268466026 158307468 110158558 0
D 3279 268460400 158393122 110067278 0
D 3281 268462904 158395617 110067287 0
D 3282 268451760 158371617 110080143 0
D 3283 268459384 158355243 110104141 0
D 3280 268453814 158416677 110037137 0
D 3284 268452392 158509259 109943133 0
D 3285 268463294 158332638 110130656 0
D 3286 268440838 158359758 110081080 0
D 3288 268462054 158316046 110146008 0
D 3290 268449750 158380314 110069436 0
D 3291 268439924 158477878 109962046 0
D 3287 268459034 158594257 109864777 0
D 3289 268456450 158397245 110059205 0
D 3293 268446758 158320535 110126223 0
D 3294 268458374 158367246 110091128 0
D 3292 268460418 158262283 110198135 0
D 3295 268450830 158487880 109962950 0
D 3296 268447460 158279911 110167549 0
D 3297 268442806 158596215 109846591 0
D 3298 268461320 158398447 110062873 0
D 3299 268436178 158248319 110187859 0
D 3300 268445226 158448142 109997084 0
D 3304 268460144 158511682 109948462 0
D 3301 268454260 158464210 109990050 0
D 3302 268455516 158281043 110174473 0
D 3303 268436718 158403847 110032871 0
D 3308 268456744 158275360 110181384 0
D 3310 268450170 158482047 109968123 0
D 3306 268443410 158417184 110026226 0
D 3305 268435524 158358825 110076699 0
D 3307 268437028 158291759 110145269 0
D 3309 268441416 158378187 110063229 0
D 3311 268447736 158402771 110044965 0
D 3313 268440872 158392388 110048484 0
D 3315 268449508 158317861 110131647 0
D 3312 268459294 158354029 110105265 1
D 3314 268448624 158296230 110152394 0
D 3316 268454910 158515500 109939410 0
D 3317 268455984 158392408 110063576 0
D 3318 268453994 158257191 110196803 0
D 3319 268455264 158379975 110075289 0
D 3321 268456530 158234171 110222359 0
D 3320 268450616 158341065 110109551 0
D 3322 268445954 158416837 110029117 0
D 3323 268450366 158479084 109971282 0
D 3324 268438402 158387820 110050582 0
D 3325 268437176 158431472 110005704 0
D 3326 268457280 158375100 110082180 0
D 3327 268454502 158321667 110132835 0
D 3328 268435502 158491374 109944128 0
D 3329 268451208 158212252 110238956 0
D 3330 268454360 158346827 110107533 0
D 3332 268449080 158325774 110123306 0
D 3331 268444844 158477123 109967721 0
D 3334 268450814 158496739 109954075 0
D 3333 268446458 158204970 110241488 0
D 3338 268442978 158394815 110048163 0
D 3339 268446126 158391309 110054817 0
D 3335 268448142 158322639 110125503 0
D 3337 268443552 158327972 110115580 0
D 3340 268447254 158365447 110081807 0
D 3336 268454324 158501553 109952771 0
D 3344 268437216 158359034 110078182 0
D 3345 268436518 158365878 110070640 0
D 3341 268452052 158544209 109907843 0
D 3343 268436424 158419324 110017100 0
D 3342 268449584 158309321 110140263 0
D 3346 268451638 158578562 109873076 0
D 3350 268447280 158443116 110004164 0
D 3347 268447192 158449572 109997620 0
D 3348 268435878 158455149 109980729 0
D 3349 268437318 158440880 109996438 0
D 3351 268446880 158434400 110012480 1
D 3352 268451204 158424641 110026563 0
D 3353 268445104 158412569 110032535 0
D 3354 268450832 158369353 110081479 0
D 3355 268440124 158463064 109977060 0
D 3356 268450758 158440650 110010108 0
D 3357 268450910 158345464 110105446 0
D 3358 268446574 158487600 109958974 0
D 3359 268441358 158422820 110018538 0
D 3360 268435460 158334000 110101460 0
D 3361 268448902 158411096 110037806 0
D 3363 268435474 158453087 109982387 0
D 3362 268451708 158457319 109994389 0
D 3366 268442086 158321048 110121038 0
D 3367 268444212 158409478 110034734 0
D 3368 268446378 158335648 110110730 0
D 3364 268448768 158322656 110126112 1
D 3365 268445834 158321551 110124283 0
D 3370 268443148 158421198 110021950 0
D 3369 268439826 158470921 109968905 0
D 3371 268440932 158287341 110153591 0
D 3373 268449254 158400695 110048559 0
D 3372 268438944 158337168 110101776 0
D 3374 268443582 158481630 109961952 0
D 3375 268449214 158335748 110113466 0
D 3376 268436820 158366227 110070593 1
D 3378 268435626 158430147 110005479 0
D 3379 268440032 158461204 109978828 0
D 3381 268443712 158449348 109994364 1
D 3380 268443398 158340722 110102676 0
D 3377 268441982 158406922 110035060 0
D 3383 268436610 158380114 110056496 0
D 3382 268447082 158389550 110057532 0
D 3384 268446866 158461712 109985154 0
D 3385 268435564 158240080 110195484 0
D 3386 268442602 158412021 110030581 0
D 3387 268444844 158325233 110119611 1
D 3388 268448426 158393785 110054641 0
D 3389 268445108 158510321 109934787 0
D 3390 268443966 158376812 110067154 0
D 3391 268446796 158427418 110019378 0
D 3393 268448378 158412773 110035605 0
D 3398 268438928 158453417 109985511 1
D 3397 268440366 158365894 110074472 0
D 3396 268437702 158369048 110068654 0
D 3394 268441824 158420869 110020955 0
D 3395 268440468 158349453 110091015 0
D 3392 268446876 158344264 110102612 0
D 3401 268446328 158335263 110111065 0
D 3400 268443738 158364268 110079470 0
D 3399 268444710 158333762 110110948 0
D 3402 268438410 158427500 110010910 0
D 3403 268440384 158432460 110007924 0
D 3406 268441284 158479442 109961842 0
D 3405 268446584 158385645 110060939 0
D 3410 268442280 158460901 109981379 0
D 3408 268443488 158419616 110023872 0
D 3404 268436154 158380093 110056061 0
D 3409 268439846 158357234 110082612 0
D 3411 268437422 158392633 110044789 0
D 3407 268446168 158341851 110104317 1
D 3412 268439774 158290534 110149240 0
D 3413 268444172 158471408 109972764 0
D 3414 268443364 158439013 110004351 0
D 3415 268440514 158377767 110062747 0
D 3416 268440020 158424658 110015362 0
D 3417 268442614 158436776 110005838 0
D 3418 268437442 158385147 110052295 0
D 3419 268441942 158377508 110064434 0
D 3420 268437348 158319427 110117921 0
D 3421 268440104 158392125 110047979 1
D 3422 268440894 158366035 110074859 0
D 3427 268441630 158487745 109953885 0
D 3425 268440498 158399952 110040546 0
D 3423 268435590 158376116 110059474 0
D 3424 268437384 158384368 110053016 0
D 3431 268435660 158441617 109994043 0
D 3426 268440000 158331193 110108807 0
D 3429 268440718 158368873 110071845 0
D 3428 268439312 158397103 110042209 0
D 3430 268435676 158421086 110014590 0
D 3432 268436144 158390318 110045826 0
D 3434 268442686 158485555 109957131 0
D 3435 268442120 158414462 110027658 0
D 3436 268436964 158387105 110049859 0
D 3437 268438274 158404572 110033702 0
D 3438 268439988 158380762 110059226 0
D 3439 268435882 158389441 110046441 0
D 3433 268438296 158351525 110086771 0
D 3440 268436772 158379737 110057035 0
D 3442 268436886 158427455 110009431 0
D 3441 268436570 158414230 110022340 0
D 3443 268441126 158422217 110018909 0
D 3444 268439522 158454688 109984834 0
D 3446 268439606 158406329 110033277 0
D 3445 268442416 158394574 110047842 1
D 3447 268437902 158328283 110109619 0
D 3448 268439508 158512148 109927360 0
D 3449 268435650 158365765 110069885 0
D 3450 268436022 158475686 109960336 0
D 3451 268438654 158487630 109951024 0
D 3454 268438408 158470856 109967552 0
D 3459 268437380 158481994 109955386 0
D 3452 268436356 158455004 109981352 0
D 3453 268440608 158410670 110029938 0
D 3455 268439696 158404010 110035686 0
D 3456 268437080 158347323 110089757 0
D 3458 268439054 158453093 109985961 0
D 3463 268437832 158441062 109996770 0
D 3461 268435806 158451266 109984540 0
D 3465 268438242 158386007 110052235 0
D 3462 268436320 158464268 109972052 0
D 3460 268437200 158403083 110034117 0
D 3464 268438844 158373899 110064945 1
D 3457 268440538 158339489 110101049 0
D 3469 268440052 158527363 109912689 0
D 3468 268435946 158418559 110017387 0
D 3467 268435694 158480610 109955084 0
D 3466 268440310 158354981 110085329 0
D 3473 268438934 158498046 109940888 0
D 3474 268437492 158422839 110014653 0
D 3470 268435776 158462270 109973506 0
D 3471 268436618 158443525 109993093 0
D 3472 268435614 158375201 110060413 0
D 3475 268438758 158459594 109979164 0
D 3476 268435630 158473239 109962391 0
D 3477 268436608 158433660 110002948 0
D 3478 268435582 158487164 109948418 0
D 3479 268436052 158385242 110050810 0
D 3480 268438144 158424554 110013590 0
D 3481 268437464 158476058 109961406 0
D 3494 268436100 158493373 109942727 0
D 3492 268437562 158453351 109984211 0
D 3486 268435688 158489156 109946532 0
D 3485 268436270 158478996 109957274 0
D 3493 268437484 158458266 109979218 0
D 3499 268435668 158455747 109979921 0
D 3491 268435462 158429885 110005577 0
D 3498 268435786 158515637 109920149 0
D 3489 268436916 158503683 109933233 0
D 3495 268436320 158477781 109958539 0
D 3497 268437354 158489292 109948062 0
D 3484 268437394 158469080 109968314 0
D 3490 268436882 158422941 110013941 0
D 3488 268435472 158471468 109964004 0
D 3483 268436902 158406190 110030712 0
D 3496 268437386 158477246 109960140 1
D 3500 268436662 158486943 109949719 0
D 3482 268436134 158412925 110023209 0
D 3487 268438322 158443820 109994502 0
D 3502 268436314 158554935 109881379 0
D 3505 268436556 158600950 109835606 0
D 3501 268435504 158538111 109897393 0
D 3504 268436976 158512895 109924081 0
D 3503 268436362 158578389 109857973 0
D 3506 268436498 158551633 109884865 0
D 3507 268436716 158576428 109860288 0
D 3508 268436554 158547146 109889408 0
D 3509 268435948 158541436 109894512 0
D 3538 268435460 162693122 105742338 2
D 3535 268435568 160107160 108328408 0
D 3534 268435488 159769208 108666280 0
D 3539 268435458 163985658 104449800 0
D 3533 268435618 159795136 108640482 0
D 3532 268435494 159429075 109006419 1
D 3537 268435514 161572457 106863057 0
D 3531 268435646 159370662 109064984 0
D 3536 268435494 160695334 107740160 0
D 3530 268435610 159261460 109174150 0
D 3529 268435704 159162279 109273425 0
D 3528 268435472 159265174 109170298 0
D 3527 268435558 158921306 109514252 0
D 3526 268435522 158960598 109474924 1
D 3525 268435560 158838986 109596574 0
D 3524 268435510 158737896 109697614 0
D 3523 268435758 158804249 109631509 1
D 3522 268435742 158725976 109709766 0
D 3519 268435674 158643104 109792570 0
D 3520 268436140 158611312 109824828 0
D 3521 268435636 158679976 109755660 1
D 3518 268436172 158684091 109752081 0
D 3510 268435732 158503922 109931810 0
D 3517 268436338 158671831 109764507 1
D 3513 268436390 158575317 109861073 0
D 3516 268435464 158587733 109847731 0
D 3514 268435936 158608423 109827513 0
D 3512 268435878 158617912 109817966 0
D 3515 268435542 158595593 109839949 0
D 3511 268435492 158571165 109864327 0
D 3541 154793732 106805568 47988164 0
D 3540 268435458 168000001 100435457 0
