D 21 189 0 220 36758395 28407240 1
D 13 219 0 257 44411467 34528626 0
D 1 180 0 238 46081415 34355516 0
D 17 252 0 286 54280915 42534847 1
D 28 221 0 364 59345693 47541425 0
D 20 276 0 344 71846497 55352613 3
D 29 225 0 246 76578896 56861135 2
D 23 297 0 395 76566639 57720299 1
D 7 214 0 245 74050431 59035345 3
D 0 171 0 218 74268972 60448872 1
D 6 198 0 233 78993460 63205090 3
D 26 211 0 247 82752141 64806902 3
D 12 210 0 257 93920784 70042763 2
D 4 205 0 263 89266700 70980243 1
D 18 261 0 304 97326564 80121085 2
D 30 229 0 271 69674456 51179178 1
D 32 237 0 266 60136694 47269921 0
D 41 136 0 237 27251165 20282732 1
D 16 163 0 190 109856212 87829416 5
D 11 201 0 234 111334267 92498082 9
D 3 180 0 223 119099309 97306074 1
D 37 257 0 276 59824652 45349835 1
D 10 192 0 254 138632451 113267807 8
D 38 261 0 285 76894334 56174520 0
D 51 154 0 181 18555206 14574152 1
D 34 245 0 268 92893685 77789735 0
D 40 269 0 323 88834133 64799346 1
D 8 171 0 191 162205195 139382615 10
D 2 210 0 261 177260429 137699206 2
D 57 164 0 204 2758118 1811355 0
D 55 321 0 375 23451539 17093442 0
D 46 145 0 166 82585727 69249766 3
D 47 293 0 443 89726173 70008540 2
D 48 297 0 355 89206951 76253080 7
D 43 279 0 331 115159643 94429107 2
D 39 265 0 315 142990274 105959068 0
D 25 207 0 298 212182665 168979284 7
D 44 283 0 326 119144364 92844406 1
D 36 253 0 300 176361923 119942435 0
D 53 315 0 356 80910505 65838736 2
D 45 287 0 381 137552126 105667958 3
D 63 174 0 180 36519816 28145271 0
D 58 331 0 369 68750404 55952317 4
D 54 159 0 168 107790045 89508003 3
D 52 311 0 336 119814540 93786790 1
D 33 241 0 264 201987816 166214011 8
D 5 182 0 210 244806240 214838235 32
D 64 351 0 417 66167695 47836143 1
D 60 169 0 264 91849778 74049174 3
D 75 193 0 212 11824775 8839823 1
D 35 249 0 279 202613600 163108301 12
D 50 305 0 365 144829071 120532916 5
D 70 185 0 223 54312448 42309487 1
D 14 228 0 250 260655849 231786378 36
D 62 345 0 506 95369352 77160289 2
D 79 199 0 226 36311468 26202343 2
D 80 401 0 453 36720431 25672911 0
D 67 361 0 437 95713217 75897854 4
D 15 237 0 272 299828016 254495058 50
D 22 193 0 223 342694905 251130933 2
D 89 214 0 266 3147895 2071152 0
D 77 196 0 308 61350722 48602297 0
D 81 202 0 234 64688964 47081839 0
D 9 242 0 263 316535948 274904007 14
D 85 208 0 255 39207540 28682336 1
D 88 425 0 496 35614191 26100800 0
D 87 211 0 378 65667637 47432334 1
D 83 205 0 371 93179432 68422484 3
D 91 217 0 258 47050502 35533888 0
D 92 437 0 532 46219522 34073912 0
D 74 383 0 429 140147539 108638724 6
D 49 301 0 313 294882628 233601043 13
D 96 224 0 263 51617543 36374684 0
D 69 367 0 440 193963944 155879537 12
D 95 445 0 462 79348072 60231851 1
D 82 407 0 483 148788770 110643635 2
D 101 231 0 371 22806424 15016174 0
D 105 237 0 248 42708583 31365300 0
D 99 457 0 545 106343868 82512797 0
D 98 227 0 252 113549457 85190151 1
D 84 413 0 479 197941188 152372959 4
D 86 419 0 476 179686610 143309023 9
D 90 431 0 503 177646468 133838891 5
D 59 335 0 376 301326354 256826613 10
D 24 203 0 228 499804285 403064296 2
D 113 248 0 278 21120052 16442340 0
D 76 389 0 444 251310388 201310603 11
D 104 471 0 542 100190440 79401465 4
D 61 341 0 388 345236726 267475819 5
D 110 244 0 292 45225314 35492818 1
D 72 377 0 417 271282303 228298517 18
D 100 230 0 251 133521251 107894066 6
D 103 234 0 277 110532839 87953377 3
D 109 485 0 734 61129680 46357046 0
D 116 252 0 340 22618097 16663582 0
D 119 256 0 318 14182418 10068647 0
D 118 255 0 314 21343481 14702808 1
D 65 355 0 390 354156919 271044159 23
D 71 373 0 415 289232380 250226824 22
D 107 240 0 266 97350845 74524737 0
D 78 395 0 436 277733076 238390434 29
D 121 259 0 393 44150884 33496428 1
D 123 262 0 311 51228458 37777900 1
D 130 271 0 309 28323590 21608970 1
D 129 270 0 295 82753595 62022099 1
D 132 274 0 326 67206258 49005573 1
D 97 451 0 521 277658731 221008893 11
D 120 515 0 569 132710200 103461602 3
D 42 275 0 295 576268231 460392096 34
D 122 521 0 575 140595373 108469995 2
D 135 278 0 337 35865951 27443428 1
D 68 182 0 195 445959695 377662084 12
D 114 499 0 568 199264739 159317118 4
D 141 286 0 338 15137081 10985833 0
D 126 266 0 306 203673598 158988253 6
D 127 267 0 317 203280908 155246099 0
D 112 247 0 320 248362877 215367770 22
D 31 233 0 258 704389901 600778584 35
D 66 179 0 220 554361461 467072006 25
D 142 287 0 288 108956223 85780457 4
D 133 275 0 310 215273591 180220937 12
D 145 291 0 306 73173725 59991452 0
D 117 507 0 564 296181869 244972850 5
D 149 296 0 313 20184640 14439129 0
D 137 561 0 681 177455557 142804185 1
D 125 529 0 669 301509951 244873266 7
D 115 251 0 299 335841968 267837654 43
D 144 579 0 704 115501945 91233343 3
D 143 288 0 302 151384866 117479755 4
D 139 283 0 325 194661935 153483033 21
D 156 305 0 365 9860002 7046548 0
D 73 190 0 207 579092953 481663649 17
D 136 279 0 477 217295965 169570918 9
D 148 295 0 342 79181515 65017549 0
D 154 303 0 374 43349517 30151482 0
D 106 477 0 555 441039575 369688951 49
D 158 308 0 380 32551543 24060361 0
D 152 300 0 375 68917920 47071724 0
D 146 292 0 336 129747095 108152895 4
D 165 317 0 394 12094453 8572120 0
D 159 309 0 354 44870140 36025065 1
D 155 304 0 334 87788490 64602205 0
D 161 312 0 386 77724813 57605167 0
D 162 313 0 314 87257783 69729084 0
D 94 221 0 239 609725587 491798525 23
D 174 328 0 389 45344162 33414375 0
D 134 553 0 620 353955330 300411714 21
D 170 323 0 378 106171847 86992631 3
D 138 282 0 341 378096091 285140014 5
D 167 639 0 923 141452898 108230822 2
D 124 263 0 273 457307325 389657368 19
D 176 331 0 393 31812441 23449915 1
D 150 595 0 677 225272626 176821295 3
D 178 333 0 355 40931858 32097989 0
D 19 179 0 199 1022990043 876134680 109
D 181 337 0 414 54249043 39519477 0
D 177 332 0 533 92714342 69387786 4
D 140 569 0 837 425951257 337811372 21
D 185 342 0 406 41949681 28562088 1
D 171 649 0 737 196447747 158454445 8
D 182 338 0 356 99751385 77752929 2
D 147 587 0 785 355076350 287185482 9
D 186 343 0 431 51795439 36124640 0
D 179 669 0 762 134383635 106084840 4
D 192 351 0 421 17386962 12790685 0
D 151 299 0 300 337334402 280389337 5
D 163 314 0 448 305844807 248639510 10
D 193 352 0 426 38004786 28740869 0
D 172 326 0 374 308620846 232915746 8
D 173 327 0 429 285768960 221076132 7
D 157 613 0 836 368729354 297201283 23
D 189 347 0 396 100328903 83337083 3
D 169 322 0 340 329087677 269281214 21
D 194 353 0 359 75925893 61110900 2
D 56 325 0 421 970269273 875900575 116
D 196 356 0 652 78136789 61543016 2
D 198 358 0 446 42044672 28438866 0
D 153 603 0 737 422010088 340764738 18
D 183 679 0 749 204091054 163345729 6
D 187 689 0 923 172753601 132738207 2
D 209 372 0 469 3786643 2494442 0
D 197 357 0 387 81279416 65639145 3
D 195 709 0 869 130484529 95134299 1
D 128 537 0 592 690492303 609858709 51
D 191 699 0 766 190318641 137396188 3
D 202 363 0 437 118373194 84037830 2
D 164 631 0 724 459305143 384584592 20
D 188 346 0 373 227016801 186014525 13
D 211 374 0 416 100066747 73653079 1
D 213 377 0 395 76536524 56078323 0
D 215 379 0 441 45284904 35861239 0
D 93 220 0 336 943901491 842203800 170
D 111 491 0 541 855399313 730262933 69
D 214 378 0 415 86564554 67709892 1
D 208 371 0 418 141792774 108737324 4
D 200 361 0 413 187729231 143389553 4
D 210 373 0 381 134882276 108779595 0
D 108 241 0 251 841934470 755797852 67
D 199 719 0 960 190391582 155185941 7
D 219 384 0 428 47252920 33454812 1
D 218 383 0 446 53720396 43678103 0
D 230 398 0 500 6406931 4337117 0
D 207 739 0 1042 184321090 134666399 2
D 225 392 0 428 25910913 18637219 0
D 232 400 0 503 17897035 13663349 0
D 204 366 0 399 189180939 159264961 7
D 212 751 0 910 158217827 129670474 6
D 223 389 0 631 58722739 41584907 0
D 205 367 0 439 199087233 161477392 20
D 238 408 0 507 18549135 12752061 0
D 201 362 0 646 240336834 203971160 4
D 220 771 0 934 129254526 88862142 0
D 160 621 0 721 689780705 518522243 12
D 222 388 0 457 126144580 101684404 2
D 235 404 0 443 76693425 59299542 1
D 234 403 0 476 84064647 61730806 0
D 180 336 0 394 534876667 398294658 19
D 243 414 0 440 42123923 29544557 0
D 246 418 0 518 35210574 25245093 0
D 224 781 0 944 171674485 135918865 1
D 227 394 0 460 171154271 129778848 7
D 244 415 0 433 59824907 46039747 1
D 240 410 0 474 99315684 77496154 0
D 229 397 0 635 174503307 126720657 1
D 168 321 0 455 682648604 564213603 53
D 216 761 0 870 238996791 191895741 15
D 251 424 0 519 26712092 18090681 0
D 250 423 0 500 37218942 28106118 0
D 175 659 0 699 594916390 497253738 40
D 239 409 0 481 151170198 116785375 6
D 255 429 0 507 35477993 26186491 1
D 236 405 0 598 169361598 140558996 4
D 231 399 0 436 197014460 160027081 3
D 256 430 0 525 38936312 28917661 0
D 258 433 0 512 29839347 21199924 1
D 252 425 0 503 68313733 48102237 0
D 253 853 0 949 78188509 61347054 1
D 264 440 0 550 39799147 28691946 0
D 259 434 0 514 74560737 48904351 0
D 237 813 0 928 234283341 188711235 7
D 261 873 0 1067 70283444 50109052 0
D 206 368 0 422 416385470 346207921 38
D 262 438 0 509 89602360 70390148 4
D 247 419 0 500 192199895 135084369 1
D 248 420 0 482 169820712 143704563 5
D 266 443 0 609 85646932 67591591 1
D 257 863 0 1143 159020151 123725624 5
D 270 448 0 492 86438666 64870822 2
D 271 449 0 809 97582197 75539942 0
D 276 455 0 572 19612259 13733694 0
D 277 456 0 569 17596611 12352627 0
D 279 459 0 578 3788589 2486904 0
D 281 461 0 547 10419091 7437218 0
D 233 803 0 911 390053878 296823228 15
D 269 893 0 1069 141571651 98867456 4
D 131 545 0 634 1518264013 974011051 2
D 267 444 0 515 144260280 112415318 2
D 275 454 0 471 80217357 63504116 0
D 285 466 0 520 27535948 20093922 0
D 241 823 0 863 385900675 302114480 6
D 166 318 0 340 908540933 800263760 145
D 263 439 0 511 246783786 199574136 11
D 282 925 0 986 104572152 76781278 0
D 274 905 0 1031 180876833 139085707 5
D 184 341 0 471 794159276 675869445 23
D 268 445 0 452 261727894 191819041 3
D 203 729 0 861 745446725 551699058 5
D 254 428 0 523 328827756 283181568 13
D 294 477 0 594 25380548 16994331 1
D 221 387 0 458 604807228 461360477 21
D 190 348 0 364 797754127 672936731 54
D 245 833 0 957 442642910 359891026 15
D 300 485 0 515 14124764 9896074 0
D 286 935 0 1050 171139036 130510326 2
D 249 843 0 913 412389740 329600813 18
D 272 450 0 486 260798668 224270632 39
D 296 480 0 522 62049069 46406812 0
D 302 487 0 601 27736424 18670573 0
D 289 471 0 552 141081910 112652419 4
D 228 791 0 857 587703064 479967876 27
D 306 492 0 591 28394180 21035976 0
D 304 490 0 602 45829193 33025759 0
D 297 481 0 661 100617749 76197730 1
D 260 435 0 463 387375622 337007097 14
D 291 474 0 498 153459842 126916512 6
D 309 496 0 555 33326640 26166207 1
D 284 465 0 531 239328708 195270674 10
D 102 465 0 546 1551996308 1325565647 159
D 313 501 0 551 42654367 33326942 0
D 287 469 0 561 265119930 211270492 30
D 226 393 0 456 688058177 556272206 8
D 301 486 0 772 140053585 108362973 4
D 318 507 0 622 32800724 23671627 0
D 273 451 0 452 413479954 329247065 15
D 321 511 0 605 63756779 42726288 0
D 308 495 0 578 147068107 116417080 8
D 312 500 0 572 124137899 101405437 3
D 320 510 0 576 95033046 64535237 1
D 303 977 0 1079 225309767 170053719 2
D 305 491 0 593 220398834 163008267 2
D 295 957 0 1050 282113996 230873489 10
D 292 475 0 552 326169899 266608875 9
D 329 521 0 636 36533713 26408596 1
D 242 413 0 558 671388622 589567442 52
D 322 512 0 537 142877419 106034454 2
D 314 502 0 599 210662423 162969338 4
D 290 945 0 1352 380502325 300167908 10
D 317 506 0 762 217030645 170087505 7
D 328 520 0 626 82709015 62401169 2
D 327 1037 0 1566 106501842 76492361 0
D 293 476 0 552 398689108 295223012 10
D 280 460 0 528 481714224 408519308 33
D 310 497 0 517 297121160 220797079 1
D 331 1047 0 1182 98333689 72161211 1
D 337 531 0 620 58281359 42750700 2
D 288 470 0 617 487178327 395884762 12
D 340 535 0 626 55971086 41569140 1
D 315 1007 0 1210 279181826 231973532 10
D 278 915 0 1185 551062397 451713940 21
D 311 997 0 1072 339777877 257345174 10
D 326 517 0 608 191222207 150576439 20
D 344 540 0 591 52801487 41903579 2
D 341 536 0 636 86351351 63079408 1
D 324 515 0 555 211631270 169294739 5
D 323 1027 0 1132 227287167 193304968 11
D 316 505 0 542 325137943 267097871 9
D 347 1087 0 1761 58270938 40965285 1
D 343 1077 0 1281 88358590 66022883 3
D 357 556 0 697 3683910 2441269 0
D 334 527 0 625 162796201 132656370 6
D 345 541 0 655 85846466 65561988 3
D 359 559 0 698 3672205 2422286 0
D 356 555 0 689 27475320 20514755 0
D 283 464 0 496 592736926 505582568 23
D 346 542 0 629 92629056 77190271 3
D 339 1067 0 1441 165836585 122102687 4
D 335 1057 0 1144 199138206 157411702 8
D 353 551 0 620 88987364 64206188 0
D 351 1097 0 1265 89044469 66802867 1
D 362 1125 0 1270 46519984 31856018 0
D 360 560 0 645 53265705 42446230 0
D 365 566 0 701 38736945 26435128 0
D 367 569 0 681 22998970 17010469 0
D 368 570 0 711 32304545 22517453 0
D 348 545 0 639 153039682 119424775 14
D 372 575 0 694 37992129 25222851 0
D 355 554 0 604 132645046 105006816 1
D 265 883 0 965 865372927 706488111 20
D 376 580 0 657 42154408 28168211 0
D 375 579 0 689 55269359 38963686 0
D 378 583 0 620 18229190 14013232 0
D 364 565 0 613 150430999 121569716 5
D 369 571 0 584 128966492 103581997 5
D 342 537 0 544 293757741 242627192 12
D 370 1145 0 1715 164022610 126257212 0
D 379 584 0 636 83695875 62610765 0
D 338 532 0 572 340525801 292018030 13
D 363 564 0 657 232604342 163637070 1
D 330 522 0 531 431188056 356653994 35
D 385 592 0 654 39998720 30127171 0
D 349 546 0 589 314044299 264086177 19
D 382 588 0 655 99916381 72006610 1
D 358 1115 0 1210 277095087 226313588 11
D 392 601 0 756 3623990 2380014 0
D 354 1105 0 1203 328140902 273151140 20
D 380 1171 0 1398 168362684 127780350 9
D 390 598 0 655 74769231 57788905 1
D 387 1189 0 1271 122649890 89804672 0
D 384 1181 0 1571 140486305 105152650 4
D 361 561 0 868 338990394 278003219 20
D 374 578 0 605 254963257 223204060 12
D 371 574 0 629 294149279 241911526 7
D 381 587 0 668 182423583 155650992 10
D 366 1135 0 1495 339684438 277020440 12
D 403 615 0 766 13500058 9234396 0
D 389 597 0 650 149775407 121494489 3
D 307 987 0 1096 776576456 668559545 118
D 399 610 0 719 77640985 57355732 2
D 393 602 0 612 136746273 115668137 3
D 332 525 0 600 628049615 488015479 27
D 336 530 0 568 594544667 491076654 40
D 400 611 0 629 100737329 77107863 4
D 405 618 0 771 50953035 37363917 0
D 402 614 0 719 95580142 74365642 0
D 396 606 0 954 125710610 100671821 2
D 395 605 0 676 155648518 114342285 1
D 412 627 0 768 32849547 23527413 0
D 394 1207 0 1449 191688005 143818797 0
D 410 624 0 751 50183433 38561415 2
D 416 632 0 782 16445605 11209374 0
D 409 623 0 771 94122138 63506492 2
D 419 636 0 792 14784664 10244209 0
D 415 631 0 747 59355960 44158758 1
D 417 633 0 635 40157554 27837171 1
D 299 967 0 1402 987178151 783123986 33
D 422 640 0 773 9793356 7124071 0
D 397 607 0 700 206061003 153864049 9
D 401 1225 0 1380 192929522 149462620 5
D 325 516 0 630 757281942 648704812 85
D 333 526 0 964 697229973 602335241 26
D 426 645 0 718 41449780 31418855 2
D 420 637 0 1245 70628253 55023765 1
D 431 652 0 816 11084517 8204099 0
D 407 620 0 708 167191788 136952700 5
D 414 1259 0 1758 136934334 103501124 1
D 423 641 0 749 76693336 56231790 0
D 418 1269 0 1531 111191248 84826422 0
D 425 644 0 753 79373279 63098485 0
D 413 628 0 678 155879201 121526670 4
D 424 1285 0 1431 102972473 78513126 2
D 438 661 0 826 22791254 15585736 0
D 435 657 0 785 56725878 39429452 1
D 434 656 0 807 71052278 50262660 0
D 441 665 0 834 8421333 5600456 0
D 383 589 0 790 498493324 377626352 6
D 388 596 0 693 427475776 340834608 51
D 432 653 0 1007 104989767 79937528 0
D 442 666 0 673 60765934 46711250 0
D 436 658 0 658 114338032 88726963 2
D 406 619 0 1207 314992619 246850948 5
D 445 670 0 689 83337788 66400205 2
D 352 550 0 570 743147510 649979371 92
D 350 547 0 567 777484990 666850999 59
D 447 673 0 838 64033385 41244930 0
D 443 1335 0 1882 128568711 95521512 1
D 398 1217 0 1396 471852489 366286224 15
D 450 677 0 800 55949722 42045809 1
D 319 1017 0 1164 1114210170 918769693 62
D 217 382 0 387 1741834410 1518191005 87
D 451 678 0 1089 70427698 53177434 0
D 448 674 0 710 124525879 90443932 1
D 373 1153 0 1408 832047691 611311704 18
D 458 1375 0 1623 23092792 15985720 0
D 459 689 0 853 24395059 16790674 0
D 462 693 0 823 9566323 6826095 0
D 440 1327 0 1534 222919069 185073971 9
D 428 648 0 705 318847282 251331413 12
D 430 1301 0 1677 296135904 237730923 7
D 429 649 0 667 301429101 252801942 13
D 439 662 0 881 246169149 207306132 9
D 404 1233 0 1361 488438575 396341923 10
D 456 685 0 745 84928435 65630423 2
D 465 697 0 837 33040954 23875953 0
D 444 669 0 766 272323838 224915141 8
D 468 701 0 856 67658591 51116786 1
D 452 1359 0 1610 190556721 151804529 4
D 454 682 0 695 188562481 152517675 19
D 476 712 0 898 3439266 2255741 0
D 473 708 0 776 35474904 28637741 1
D 475 1421 0 1775 27012041 18395305 0
D 466 1397 0 1511 115464725 91974956 1
D 470 704 0 1095 103757823 76477071 2
D 467 700 0 758 113167617 90003167 1
D 446 1343 0 1881 281448861 239089311 10
D 433 1309 0 1458 397184717 319041507 7
D 455 1367 0 1571 194453563 156583934 10
D 408 1243 0 1415 622651353 471503964 16
D 471 705 0 783 141569597 108855938 3
D 484 723 0 842 45277170 33801195 0
D 461 1383 0 1970 232561027 170185262 3
D 488 728 0 879 29151146 21242329 0
D 457 686 0 808 248321354 205005768 28
D 464 696 0 822 220199656 168654854 15
D 437 1319 0 1461 467823431 373856202 16
D 481 719 0 797 105637617 76328352 0
D 480 1435 0 1632 123636554 91649748 2
D 486 1451 0 1947 94923414 68110564 0
D 478 1429 0 1638 129912005 101788590 1
D 453 681 0 714 332088467 283510425 26
D 485 724 0 737 125284108 100481479 3
D 474 709 0 862 206147538 141892493 5
D 477 713 0 741 168673174 133250548 3
D 498 742 0 910 39400368 27788561 2
D 483 1443 0 1702 164006050 135167055 2
D 503 749 0 1092 43020161 32050325 0
D 491 1465 0 1715 140884036 110706480 2
D 501 746 0 815 75319902 58470883 0
D 490 731 0 767 157420419 124641824 2
D 492 734 0 776 155373186 117906049 4
D 493 735 0 853 146619174 117227849 7
D 472 1413 0 1900 337787190 264866930 14
D 509 757 0 940 17892280 11959958 0
D 505 752 0 922 49338806 32842443 0
D 427 1293 0 1462 652896215 572266061 43
D 469 1405 0 1510 381405531 313957414 8
D 386 593 0 612 987031027 874756413 134
D 506 753 0 819 102788046 78610234 0
D 500 745 0 890 190831018 148782618 5
D 495 738 0 741 223454925 183507529 9
D 497 1481 0 1736 233922881 176504201 0
D 511 760 0 903 91182698 74183285 8
D 479 716 0 830 347064083 289184145 17
D 494 1473 0 1651 260936820 210652494 4
D 518 770 0 965 26110343 16617876 0
D 523 777 0 919 8988675 6428051 0
D 391 1199 0 1437 1020990012 886473949 74
D 460 690 0 744 528871860 439632992 18
D 513 763 0 910 152877129 112094417 1
D 516 767 0 839 97865064 75013173 4
D 520 773 0 915 88081683 67820635 1
D 496 739 0 1179 317826284 257179135 7
D 525 780 0 869 72595465 54442119 1
D 449 1351 0 1666 770379114 578640309 13
D 487 727 0 845 407772926 345510053 19
D 515 766 0 893 163598913 123533819 7
D 510 1517 0 1662 253753372 203479621 5
D 512 1523 0 1695 233275745 188847590 5
D 533 791 0 794 41154651 26309348 0
D 529 1571 0 1802 77616290 57838944 0
D 530 787 0 933 78345528 57150235 1
D 527 1565 0 1869 102604742 79415522 2
D 535 794 0 946 36996126 28256878 0
D 508 756 0 799 312461098 236604222 6
D 542 804 0 900 30539033 21551212 0
D 526 781 0 913 170165558 129998387 5
D 532 790 0 1131 100653751 76377900 2
D 519 1543 0 1791 223776032 177132276 4
D 411 1251 0 1591 1019484684 901696108 146
D 544 807 0 1002 39889604 25061678 0
D 534 1585 0 1863 136032345 93739569 2
D 545 1617 0 2439 39729612 29505457 0
D 298 482 0 500 2020451812 1676546182 82
D 536 1591 0 1785 160571107 116578205 2
D 522 1551 0 1849 287260703 233778508 7
D 549 814 0 997 61994980 44168348 2
D 502 1495 0 1654 499817334 383394723 7
D 504 1501 0 1698 488701387 358367394 1
D 555 823 0 902 20437258 15066517 0
D 548 813 0 967 95359586 70878611 1
D 557 826 0 1034 23631158 15046433 0
D 540 801 0 936 222451384 156590101 5
D 528 784 0 789 287272137 231972000 4
D 559 829 0 901 35281290 25765681 0
D 562 833 0 1001 8753095 6385897 0
D 546 810 0 967 191509465 148418760 9
D 541 1605 0 2235 243918135 178903391 6
D 564 836 0 1069 65476045 49341106 0
D 565 1675 0 2001 88530010 66053177 2
D 547 1623 0 2186 258067614 202434282 3
D 499 1487 0 1648 692274636 565275427 49
D 543 1611 0 1668 288904025 238224120 9
D 551 817 0 1579 226951720 182417444 3
D 568 842 0 1034 33154688 23280511 0
D 560 830 0 834 172661408 143470445 20
D 561 1663 0 1992 193689698 151407778 7
D 538 1597 0 1786 373218645 319102483 20
D 521 774 0 804 523251785 443365941 20
D 507 1509 0 1835 644722176 556889630 56
D 563 1669 0 1898 211524255 173974357 5
D 554 1643 0 1742 302940356 243086390 4
D 489 1459 0 1951 921889643 712804554 29
D 553 820 0 950 321199672 256217341 5
D 571 1693 0 1921 114703479 80540582 3
D 572 848 0 978 100524523 79408176 0
D 552 1637 0 1862 311947304 265261852 32
D 574 851 0 1001 80963919 63832338 3
D 575 1705 0 1876 111941826 89315595 7
D 482 720 0 727 919450577 820376903 87
D 581 1723 0 1924 67706817 50178541 1
D 539 800 0 945 516947168 431346448 43
D 586 869 0 1392 36559366 24576783 1
D 537 797 0 934 653663807 465169580 3
D 579 1717 0 2358 154008533 111948712 0
D 589 1747 0 2043 85438565 63779779 0
D 588 872 0 938 107233311 81876052 0
D 576 854 0 919 240393297 192178972 11
D 577 1711 0 1944 229240181 181261445 15
D 585 1735 0 1927 191091427 145445708 3
D 596 884 0 1047 37306036 28404938 0
D 582 863 0 986 217626534 172888506 6
D 578 857 0 1406 246740335 191595318 7
D 592 878 0 1040 105044634 78726326 0
D 600 890 0 1068 20860706 15664736 0
D 558 1655 0 1882 496878211 428185150 33
D 573 1699 0 1961 320825475 267020038 15
D 598 887 0 992 45479102 31830123 0
D 566 839 0 949 419016644 331956959 11
D 590 875 0 1010 193314240 153861244 8
D 556 1649 0 1792 571461946 458683675 50
D 377 1163 0 1323 2004326525 1708842044 346
D 567 1681 0 1866 429169090 318962174 3
D 517 1537 0 1820 921332337 740757362 95
D 611 907 0 1131 3013974 1982505 0
D 602 893 0 1074 49432510 36969483 2
D 580 860 0 997 316413877 242160053 4
D 597 1771 0 1995 112445786 86571183 1
D 604 896 0 977 66729588 51409012 0
D 594 881 0 956 154630447 120901856 5
D 584 866 0 1018 313695250 255691514 26
D 617 916 0 1089 10355457 7632854 0
D 615 913 0 1017 40285944 30158443 1
D 612 1817 0 2328 83289676 62161018 3
D 591 1753 0 1835 241254416 191595942 6
D 609 904 0 1046 101866117 81700953 3
D 608 1805 0 2042 117525565 85286146 2
D 622 924 0 1153 20656717 14019420 0
D 620 921 0 1091 46040168 34233232 0
D 605 1795 0 2984 158532489 117214105 3
D 626 930 0 980 40759608 29873571 0
D 610 1811 0 2047 149760917 118897450 4
D 618 1835 0 2079 133224733 105616709 4
D 616 1829 0 2639 160323116 128100856 4
D 613 910 0 1058 194964455 152909382 5
D 599 1777 0 2577 260691588 208257242 14
D 633 941 0 1115 19847760 14822333 0
D 607 1801 0 1892 265569994 190585411 3
D 632 1879 0 2138 48168606 37024638 2
D 550 1631 0 1745 877543009 724951392 29
D 631 938 0 1155 72662521 51456165 1
D 587 1741 0 1956 481374852 409135924 75
D 636 946 0 1141 40125604 28707984 1
D 629 935 0 1249 144856008 112039894 3
D 621 1845 0 2130 222906952 174801179 16
D 641 954 0 1069 24083389 16431064 0
D 634 1885 0 2024 90914201 70625218 1
D 639 1901 0 2276 54903483 40608235 3
D 623 1851 0 2835 254434056 187926226 4
D 601 1783 0 1988 387587492 307010742 15
D 643 957 0 1118 58100855 43574927 0
D 570 845 0 910 729002751 613842726 106
D 531 1577 0 1627 1087940659 942059072 157
D 637 1895 0 2707 139626865 107018966 6
D 628 1867 0 2032 262498825 204310205 7
D 625 1857 0 2167 314746569 248861334 6
D 593 1759 0 2042 538976269 436807992 16
D 524 1557 0 1746 1176848514 1055043232 237
D 627 1863 0 2466 305454572 253935674 9
D 649 1933 0 2211 82414014 62699750 0
D 645 1921 0 2194 129512010 99720351 7
D 646 962 0 1831 137925972 110420619 3
D 654 1949 0 2223 66554623 51487434 0
D 463 1389 0 1936 1796780501 1499390148 84
D 642 1911 0 2261 197598147 151601492 8
D 624 927 0 1030 394676196 319612116 9
D 648 965 0 1165 149066315 114882589 8
D 655 1953 0 2211 92208488 66857995 2
D 638 949 0 1011 246130956 208087491 13
D 640 1905 0 2158 246199754 198995448 11
D 651 970 0 1109 151255275 126726143 9
D 619 1839 0 2373 482384379 403477708 22
D 662 988 0 1005 78885889 60974471 1
D 670 1001 0 1063 5009898 3480720 0
D 664 991 0 1582 91490104 71889351 2
D 614 1823 0 2449 599696942 469173929 16
D 652 1943 0 2140 215849829 172002501 5
D 644 1917 0 2173 309005215 241363851 5
D 657 1959 0 2713 187674971 139250737 7
D 668 1995 0 2441 84381054 60914737 0
D 650 1937 0 2231 264788852 212840057 32
D 658 1963 0 2347 193204761 150112206 3
D 671 2005 0 2250 79816284 55491916 1
D 653 973 0 1021 233475733 188536835 6
D 669 1999 0 2298 107594280 83405949 2
D 666 1989 0 2360 157035371 121244818 4
D 647 1927 0 2226 355959046 276256355 15
D 673 1006 0 1182 109854575 79186123 0
D 682 2043 0 3263 53039529 38057427 1
D 681 2039 0 2378 69375105 49884019 1
D 676 1011 0 1213 102735472 77610142 1
D 661 1973 0 2456 234653448 187774723 7
D 659 983 0 1148 267798194 207220011 17
D 680 1018 0 1041 101691052 77327036 1
D 690 1035 0 1167 14529952 10248464 0
D 687 2059 0 2531 33076211 25023388 0
D 635 1889 0 2142 549173896 416774274 14
D 675 2019 0 2708 145953714 113416559 1
D 672 2009 0 2229 189855891 146961714 0
D 693 1040 0 1044 41696509 32631108 1
D 678 2029 0 2153 155052614 116906762 1
D 674 2015 0 2357 194356064 153832067 7
D 663 1979 0 2194 293315491 244103748 14
D 667 996 0 1290 272226329 222669915 30
D 688 2063 0 2329 118046676 88854070 0
D 701 1054 0 1254 27221072 20388027 0
D 694 2083 0 2514 85053007 61563329 2
D 603 1789 0 2096 846185219 703559635 44
D 665 1985 0 2183 334319023 268720423 14
D 700 2105 0 2285 59980826 42998549 0
D 697 1047 0 1192 78059921 64332285 0
D 684 2049 0 2222 198227310 163426027 3
D 706 2125 0 2381 46344388 34458606 0
D 27 324 0 348 5234982693 4434076062 108
D 683 1023 0 1061 229256076 186989165 7
D 710 2139 0 2504 49511574 37031544 1
D 695 2087 0 2440 177096328 147369912 2
D 656 978 0 1139 486131642 402631703 56
D 689 2067 0 2415 233704833 179675903 4
D 685 2053 0 2402 250021538 189945312 4
D 713 1075 0 1331 12064124 8092305 0
D 717 1082 0 1306 35791149 26879197 3
D 711 2143 0 3052 80871286 61121083 2
D 595 1765 0 2098 1022426115 890710641 70
D 691 2073 0 2486 289387905 219132672 6
D 709 1068 0 1729 130375143 104003438 1
D 692 2077 0 2728 292188833 229094349 7
D 722 1091 0 1354 36014450 25185337 0
D 705 1061 0 1224 205400752 169684183 8
D 702 2111 0 2330 252542621 194325684 4
D 679 2033 0 2290 454575055 369839475 30
D 703 2115 0 3276 297996058 230339194 9
D 707 2129 0 2377 301744306 226877281 7
D 696 2091 0 2144 362372527 309149109 10
D 686 1028 0 1169 426160458 366426782 31
D 725 2193 0 2410 131459832 94727976 1
D 724 2189 0 2359 163228904 113931452 4
D 731 2215 0 3426 20163044 14270150 0
D 677 2025 0 2702 555107811 444820936 65
D 718 2167 0 2364 255883456 195476862 11
D 726 2197 0 2655 149866633 113600409 2
D 712 2147 0 2313 320105189 230932793 0
D 708 2133 0 2585 336823074 271747938 14
D 721 2179 0 2597 229148604 184920967 19
D 739 2243 0 2472 35790663 26219003 0
D 704 2119 0 2852 398917483 332152972 42
D 699 2101 0 2405 463597188 357332359 23
D 723 2185 0 2978 250148263 210339310 19
D 734 2225 0 2646 114186373 88432395 4
D 715 2157 0 2549 345147123 272537544 27
D 737 2237 0 2561 122279446 92046702 3
D 729 2207 0 2620 223469051 163691072 1
D 747 2273 0 2753 51517253 35625212 2
D 740 2247 0 2571 137144928 104306628 2
D 736 2233 0 3217 161669881 122206830 6
D 744 1131 0 1322 88519120 68450726 3
D 746 2269 0 2634 68811392 50824171 0
D 751 1144 0 1282 41038301 26931245 0
D 732 1109 0 1302 219315093 166207877 6
D 742 2255 0 2753 146399677 111068949 7
D 749 2281 0 2756 55094902 39133430 0
D 720 2175 0 2406 419385735 332515905 29
D 758 2315 0 2610 30041765 21137765 0
D 727 1100 0 1195 322339467 267044831 18
D 759 1159 0 1397 18363687 13525916 0
D 750 2285 0 2764 101842652 74574446 1
D 738 1120 0 1984 268850419 198663811 2
D 745 2265 0 2618 191193514 149482280 1
D 762 2329 0 2704 58124581 39839917 0
D 730 2211 0 2490 319658912 264200759 25
D 735 2229 0 2488 291901301 242624351 22
D 754 2299 0 2595 130766589 109450880 2
D 733 2221 0 3024 345974604 285873720 17
D 769 1178 0 1440 44943878 33663327 0
D 743 2259 0 2516 272411593 225129660 7
D 698 2097 0 2174 695499389 600669880 51
D 765 2341 0 2595 88994005 67474334 0
D 757 2311 0 3615 191119079 152382527 0
D 728 2203 0 2530 481270951 388465523 8
D 741 2251 0 3009 342987931 291085414 14
D 774 2375 0 3558 72885099 52767956 2
D 771 2363 0 3355 96478727 72513801 3
D 773 2371 0 2721 96570179 76073452 5
D 772 2367 0 2553 99587714 80092250 5
D 766 2345 0 2820 178503358 134820668 3
D 761 2325 0 2576 267021956 203756457 7
D 714 2153 0 2453 732459556 597969283 48
D 780 2399 0 2760 71106851 55535164 1
D 719 2171 0 2661 703276984 583433928 52
D 756 2307 0 2444 342216678 284089343 11
D 779 2395 0 2635 112154747 88687332 1
D 630 1873 0 2136 1503182294 1258665929 119
D 767 2349 0 2632 274606037 220210865 17
D 764 2337 0 2621 320849317 259845414 7
D 788 2429 0 3844 61610954 45702015 2
D 790 2437 0 2959 51767285 38575957 0
D 782 2407 0 2684 213330570 154427430 3
D 781 2403 0 3236 203810177 171131081 14
D 778 2391 0 2836 242937142 179095173 10
D 760 2321 0 2542 441456116 357857413 18
D 784 2415 0 2759 176399520 137634227 2
D 793 2449 0 2964 79423874 56489373 0
D 716 2161 0 2398 832728029 763009303 133
D 787 2425 0 2864 174721830 139688668 7
D 783 2411 0 2733 260472165 187630785 3
D 753 2295 0 2467 610527460 453902782 25
D 785 1209 0 1309 210823749 168774550 11
D 777 2387 0 3570 324085344 267907373 8
D 514 1529 0 1669 2736486010 2334895744 258
D 791 2441 0 2705 186442073 142931134 6
D 792 2445 0 2766 176946833 132146582 3
D 794 2453 0 3268 145893060 105868591 0
D 748 2277 0 2513 651475976 535479575 23
D 797 2465 0 2813 135549365 106005565 5
D 789 2433 0 2633 253872116 211667118 13
D 799 2473 0 4351 141610431 111935980 8
D 768 2353 0 3245 520601204 432444055 38
D 800 2477 0 2852 129635840 102103002 3
D 801 2481 0 3076 143925200 99151520 0
D 569 1687 0 1720 2196553775 1974743947 209
D 796 2461 0 2850 212599452 175083906 6
D 812 2527 0 3396 89565775 67459064 0
D 798 2469 0 2661 230594949 190352761 7
D 804 2493 0 3781 193648731 153165121 7
D 803 2489 0 2878 207694723 159459833 6
D 818 2551 0 3011 50772665 36274867 0
D 802 2485 0 2858 206268021 167328491 8
D 817 2547 0 2906 83563964 64895922 0
D 824 2577 0 3211 16134467 10803606 0
D 811 2523 0 2801 150686554 113830194 3
D 421 1277 0 1449 3502478465 3132778938 927
D 822 2569 0 2966 43243180 31895376 2
D 810 2519 0 2611 174735593 141597194 10
D 809 2515 0 2723 193121485 153862547 8
D 752 2291 0 2461 814155678 667842913 31
D 827 2589 0 3028 51808950 37628406 1
D 770 2359 0 2641 656785906 530728772 45
D 755 2303 0 2918 810305121 658457513 36
D 814 2535 0 3024 189921654 142849600 10
D 763 2333 0 2976 687548409 628685948 84
D 820 2559 0 3545 158553107 119993564 3
D 776 2383 0 2624 708558667 546041800 44
D 832 2611 0 3603 112022949 85340837 3
D 840 2645 0 3240 12213774 8633868 0
D 834 2619 0 2801 125062447 94661613 2
D 775 2379 0 2489 713476752 610825092 60
D 805 2497 0 2964 426280215 345410717 13
D 835 2623 0 3084 171496776 140037094 6
D 836 2627 0 2993 186525257 144566646 1
D 825 2581 0 3022 267571084 222126054 11
D 660 1969 0 2215 2010084525 1536526620 43
D 823 2573 0 2902 348989133 259464953 19
D 841 2649 0 3081 145699011 118772632 4
D 813 2531 0 3524 410093017 343503674 40
D 826 2585 0 2862 315532580 256650375 14
D 819 2555 0 2806 344715160 289999177 12
D 839 2641 0 3059 189447684 151008239 7
D 847 2675 0 3168 72890039 54681521 0
D 837 2631 0 3075 257615001 207830330 22
D 845 2667 0 3759 106155294 77938100 7
D 829 2597 0 2678 323314793 257749826 18
D 846 2671 0 3084 99970891 75893861 1
D 850 2689 0 3251 58822634 42430609 0
D 815 2539 0 2903 496074043 374422245 29
D 806 2501 0 2831 534015020 447344376 27
D 856 2715 0 3330 35387704 25625028 0
D 831 2607 0 2827 336090263 278710045 56
D 843 2657 0 3119 190213836 156466197 7
D 848 2679 0 2868 132956074 99143689 3
D 816 2543 0 2772 523703461 420598494 31
D 795 2457 0 2923 670384671 576340311 61
D 861 2737 0 3155 73604658 54416563 0
D 859 2729 0 3096 86529474 67763629 2
D 865 2755 0 3782 45769170 32463302 0
D 852 2697 0 3690 122695018 94227004 4
D 855 2711 0 3005 117464789 81010432 0
D 868 2769 0 3194 26422968 18271139 1
D 830 3903 0 4493 423816961 351004249 30
D 866 2759 0 3236 47607890 36913954 1
D 851 2693 0 4131 161057028 125863833 10
D 867 4146 0 4754 55591532 39741457 0
D 857 2719 0 2986 145907225 112145979 6
D 833 2615 0 3736 419861622 349008918 27
D 606 899 0 1001 2282917122 2143034662 1269
D 872 2787 0 3624 58807460 42601137 0
D 853 2701 0 3189 190689531 144159225 7
D 873 2791 0 3359 75833080 55015366 0
D 876 2805 0 3153 51424464 38551934 1
D 878 2815 0 3352 53256115 39467801 0
D 862 2741 0 2967 166592560 130672063 4
D 879 2819 0 3287 60514224 46580672 1
D 838 3954 0 5014 423668702 344313647 20
D 880 2823 0 4103 84036027 60890060 2
D 860 2733 0 3660 213182157 170126063 5
D 881 4242 0 4617 120566318 91349479 5
D 870 4167 0 4632 176497685 132193848 1
D 890 2871 0 3390 43560579 30232589 0
D 869 2773 0 3281 170396719 133895693 4
D 849 4026 0 4365 291145721 237682923 9
D 877 4215 0 4760 145343286 113362319 4
D 891 2875 0 3406 53695587 40007242 1
D 875 2801 0 3716 159277426 129970445 11
D 884 4263 0 5118 146920731 111771383 3
D 821 3846 0 4693 669219111 536721976 27
D 894 2889 0 3487 84574235 60355965 0
D 895 4341 0 6281 83336516 61368157 4
D 854 4059 0 4619 349526638 290641728 18
D 808 2511 0 2738 813714140 709901397 126
D 904 2937 0 3485 29692803 22801832 1
D 882 2833 0 3360 255777377 201463829 16
D 858 4086 0 4719 407399661 325107729 12
D 897 4356 0 4662 137669446 107379290 3
D 893 2885 0 3184 155025894 123818959 8
D 889 4299 0 5210 220395048 164553144 11
D 901 2923 0 3798 122797028 95829391 6
D 899 2913 0 3454 133452959 110961326 9
D 902 4392 0 4836 95759338 73736046 2
D 886 2851 0 3363 260629753 196325635 8
D 888 2861 0 2935 244898286 201754930 26
D 874 4194 0 4496 331542830 271276144 14
D 844 3993 0 4247 530142104 448829373 37
D 906 2947 0 3559 76827302 57805022 2
D 898 2909 0 3960 167861812 139379097 3
D 871 2783 0 3222 361698245 312252101 43
D 909 4443 0 4999 111371764 81715116 1
D 912 2977 0 3139 84189127 66170511 0
D 863 4119 0 4601 471555863 389243268 47
D 921 4533 1 5560 42930188 30831830 0
D 908 2957 0 3369 121528618 91692730 4
D 828 2593 0 3235 916080580 686370292 14
D 910 2967 0 4127 133686373 101982679 1
D 896 2899 0 3282 318436365 239702018 11
D 925 4563 0 6136 65161372 48873721 0
D 905 4413 0 5857 230551258 182714818 9
D 907 4428 0 5648 195195470 158001413 7
D 917 4503 0 4983 185682755 136023783 1
D 913 4473 0 5298 198134705 155936789 9
D 916 2997 0 4427 191214831 152795071 5
D 914 2987 0 3232 210045817 171177245 13
D 900 4377 0 4883 321041379 272092763 9
D 926 3047 1 3415 133972277 101330170 3
D 928 3057 0 3481 123840904 90877227 2
D 583 1729 0 1979 2949795721 2770229573 1037
D 911 4458 0 4935 248458593 199399682 11
D 936 3099 1 3833 35935459 26138061 1
D 885 2847 0 3250 468940543 418457316 43
D 903 2933 0 3551 358788232 284395141 31
D 929 4593 0 5309 163382373 125995508 3
D 892 4320 0 5468 467285065 372628795 20
D 918 3007 0 3426 271237671 214603922 22
D 941 3125 0 3824 79422881 55882492 1
D 920 3017 1 3658 291551022 242946757 5
D 934 4632 1 5962 152647257 118177186 6
D 927 4578 1 5239 246577142 195456600 16
D 924 3037 0 3280 252227873 210890881 13
D 942 4695 2 5459 105705856 80977650 7
D 940 4680 0 5301 120567806 92090064 3
D 935 4641 1 6012 149314213 114407471 3
D 931 3073 0 3558 197074038 163402458 6
D 944 3141 0 4094 112517794 89687765 1
D 915 4488 0 4942 362116824 298829847 17
D 842 2653 0 3486 920876679 789593770 118
D 919 4518 0 5014 347166091 288064750 24
D 923 4548 1 6473 303906676 243742117 11
D 945 4719 1 5651 96606105 75666810 4
D 943 4704 0 6325 149528165 114114074 4
D 932 4617 1 5308 240660991 190496836 12
D 933 3083 1 4061 215008480 174666613 11
D 937 4656 1 5481 199919718 156137561 5
D 883 2837 0 3009 702723859 545664886 22
D 957 3211 0 3600 46899820 35453946 0
D 953 3189 1 4419 76035538 61860487 6
D 961 3233 0 3781 54801706 39867993 1
D 970 4923 1 5554 30426000 21919942 0
D 950 3173 0 3814 123026889 98011899 5
D 964 4875 1 5732 68086574 48408146 1
D 939 4671 1 6070 249155636 206818877 21
D 949 4752 0 5171 171677558 131356958 2
D 966 4890 0 6782 97589269 72972496 2
D 972 4941 1 5859 56170467 41257757 0
D 963 4866 2 6195 119803893 91956251 4
D 958 4824 0 5396 203661142 164707063 8
D 962 4857 0 5646 189711384 157148122 9
D 973 4950 0 5934 138610944 109284057 6
D 974 4959 0 5770 135123775 100581940 1
D 786 2421 0 2911 1925075108 1437614187 23
D 976 4974 0 5958 122392164 93036588 4
D 956 4809 0 5866 260629536 207161329 13
D 978 4992 0 5402 122570274 92379638 2
D 946 4728 0 5257 332467193 277399020 18
D 969 3277 0 3838 215555709 172290184 5
D 971 4932 2 5465 189805263 147517399 13
D 959 4833 1 5280 267007266 211515510 18
D 968 4908 0 6138 246552902 191962206 8
D 952 4776 0 5348 318947290 256063206 10
D 965 3255 0 3601 287950777 230710963 13
D 983 3357 1 3840 86872788 65875021 0
D 984 5043 0 6042 89750241 64164012 1
D 981 5019 0 6076 106162676 80388351 1
D 947 3157 0 3415 407038121 345673386 37
D 980 5010 1 7269 143850149 115894228 4
D 975 3311 0 3718 231419325 187374857 10
D 991 5106 0 6874 85494722 60235705 2
D 986 5061 0 6141 115499772 82986413 5
D 994 5133 0 5901 79746895 60350111 2
D 989 5088 2 5675 134402292 109161975 3
D 938 3109 0 3530 514644151 471454168 89
D 979 5001 1 5843 226721639 182418250 12
D 1001 5196 1 7123 73327668 54602756 1
D 1002 5205 2 6317 38203370 27671957 0
D 960 4842 1 6182 422569318 359132594 27
D 982 5028 1 5854 224090896 182940354 7
D 1000 5187 0 6025 110498974 88601693 2
D 967 4899 1 6173 462051854 351462042 8
D 955 4800 0 6426 520373066 416698193 54
D 990 5097 0 5814 240165738 189535006 3
D 1005 5232 1 6051 77788640 60108903 0
D 997 5160 1 6794 180853958 139202061 1
D 987 5070 0 6229 269525493 209500954 6
D 1007 5250 0 5923 95491212 73048775 1
D 995 5142 0 6599 206720986 166752315 15
D 998 5169 0 7032 255473931 202404058 13
D 1010 5277 0 5987 146002804 108353278 6
D 930 4602 1 5292 772783456 674122082 79
D 1006 5241 0 6017 179452953 141488728 4
D 985 5052 0 5501 366052883 297496795 21
D 992 5115 0 7366 335017475 269152732 8
D 999 5178 0 5761 326153004 245902121 16
D 988 5079 0 5579 415518664 326562107 11
D 993 5124 0 5619 360880764 298310628 28
D 887 4284 0 4629 1256445935 1063294477 316
D 948 4743 0 6184 738999713 634074995 122
D 1004 5223 0 6471 306570160 247166220 13
D 1014 5316 0 6105 229691245 182921875 8
D 1021 7174 1 8502 141653064 103427462 3
D 1019 5361 1 6731 162047447 126178053 7
D 1024 5409 0 6062 184260433 145317690 4
D 1020 5370 0 7150 215284432 164745574 2
D 951 4767 0 5989 818926463 686509619 31
D 1016 5334 0 6075 295189874 238444755 12
D 1008 5259 0 6902 375056464 306047829 37
D 1027 7250 0 8114 159754291 121663011 6
D 1033 5496 1 6089 92332935 70738111 4
D 1028 5448 1 6113 153864374 127280728 10
D 1018 5352 0 5814 337151873 264621179 16
D 864 2751 0 3146 1483854800 1321340490 534
D 922 3027 0 3312 1170450491 945071692 77
D 1023 5400 0 6109 266919706 215606642 7
D 1013 7074 1 8009 386569213 305480477 28
D 1015 5325 0 6310 383078571 309414275 29
D 1029 5457 0 5769 190426787 149062136 5
D 1017 5343 1 6000 392887812 307763540 18
D 1025 5418 0 5957 300263643 238788856 40
D 1046 5625 0 7037 87876232 67320219 2
D 1035 7354 0 9283 172727711 131493994 3
D 996 5151 0 5726 622199182 522387787 55
D 1038 5544 1 6355 156063888 122561289 5
D 1011 5286 0 5995 498539314 426167458 79
D 1036 5526 0 6264 186757912 149028964 6
D 1040 5565 0 6798 199977833 148219311 1
D 1053 7594 1 8946 74624186 55530929 1
D 1052 5685 0 6653 78259093 60378648 0
D 1048 7526 1 9557 151753744 118558700 24
D 1031 7302 1 9918 312640041 262101831 45
D 1026 5427 1 6540 423625134 322793524 15
D 1056 5727 0 7478 78784660 56862005 3
D 1032 5487 0 6068 346439067 278194762 18
D 1044 5604 0 6634 224390725 180213065 17
D 954 4791 1 5435 1048683850 915157226 98
D 1037 5535 0 7678 272398794 227974700 9
D 1034 5505 0 6825 301573755 245628419 4
D 1039 7406 1 8149 262500004 218906397 22
D 1055 7622 1 10413 132982536 102549269 3
D 1030 5466 0 6626 397375676 341222407 24
D 1047 5634 0 7714 268299977 211973578 11
D 1057 7650 1 8100 148305302 116960626 0
D 1059 7678 2 9135 144614965 112359131 7
D 1041 5574 0 6318 354807289 279183812 35
D 1061 7706 0 8808 176469807 139885235 2
D 1073 5907 1 8419 60849735 44257003 6
D 1064 5811 1 6492 162761202 122454749 12
D 1051 5676 0 6920 311368715 212066573 4
D 1042 7446 2 9003 360849118 311827245 28
D 1043 5595 0 6033 384151298 313185823 16
D 1070 5874 0 6894 157962660 121718582 4
D 1075 5928 1 6829 90446188 70110210 1
D 1062 5790 0 6670 230129111 179496065 12
D 1067 7790 1 8788 193305275 159659661 17
D 1060 5769 0 6571 253916402 201327970 4
D 1003 5214 0 5780 874309211 723886154 89
D 1068 5853 1 6311 199024664 159607250 11
D 1009 5268 0 6013 838756034 696119450 34
D 1049 5655 0 6643 413591302 337229505 30
D 1065 7762 0 8711 240818885 190632376 13
D 1063 7734 1 10382 261774482 211223188 7
D 1081 5994 0 6796 97818462 73731850 1
D 1054 5706 0 6443 376825982 309433923 17
D 1069 7818 0 9168 252652714 211813333 20
D 1077 7934 0 9157 153157553 120373291 4
D 1058 5748 0 6059 351183454 273600698 13
D 1076 7918 0 9200 161817207 122106451 3
D 1079 7962 0 9085 151747247 127704503 13
D 1084 8038 1 9835 128562002 98177066 2
D 1091 8142 0 10176 104306920 80843641 3
D 1090 8126 0 9696 159545554 130297231 9
D 1098 8250 1 9708 123377435 96343299 4
D 1093 8174 0 9369 182404516 134697380 2
D 1050 7554 1 9530 578618941 475220972 39
D 1095 8202 0 10197 201588637 154065426 14
D 1100 8282 0 9348 165587634 127368003 13
D 1102 8314 2 12409 101293734 72843581 3
D 1085 6039 1 6837 376033523 265880952 10
D 1086 8066 0 9631 349061733 269475898 13
D 1045 7486 1 8058 762077696 615814313 41
D 1080 7978 1 8935 411381570 328655686 48
D 1107 8394 1 10554 85988169 61729285 1
D 1087 8082 0 9665 358977126 290673656 9
D 1103 8330 0 9479 166390461 128054166 10
D 1101 8298 0 9593 254732385 202507109 26
D 1106 8378 1 9903 130322406 97504416 7
D 1099 8266 1 9881 300531069 239734237 7
D 1088 8098 1 11063 418151113 326336106 13
D 1022 5391 0 5745 1039229175 896263615 229
D 1071 7846 0 8828 539201543 460276439 92
D 1110 8442 2 10807 94317567 73761893 0
D 1116 8538 1 11270 55658372 40596211 1
D 1082 8006 0 9807 436750943 364583375 25
D 1074 7890 0 8834 553261395 441584916 31
D 1094 6141 0 6976 375107500 310696311 65
D 1109 8426 2 10906 146986200 113234701 3
D 1105 8362 1 11541 251686791 198995390 17
D 1114 8506 0 9508 153272580 121203173 8
D 1108 8410 0 9372 245820927 194502022 11
D 1123 8654 0 9551 103011725 78753643 0
D 1096 8218 0 9151 410421585 360796961 38
D 1127 8722 0 10333 73917158 54536491 0
D 1121 8622 2 9862 169000212 132756694 6
D 1118 8570 0 9474 198603579 151136380 4
D 1130 8774 1 11485 86052477 65778305 1
D 1113 8490 0 9607 272070707 216511313 9
D 1122 8638 3 11426 190419853 158306349 22
D 1124 8670 0 10329 202670842 163920520 17
D 1128 8738 0 9897 169374928 138003993 7
D 1119 8586 1 10931 268299347 221521007 20
D 1115 8522 0 9858 344080325 278047898 29
D 1112 8474 0 9779 346392110 291300080 37
D 1131 8790 1 10680 221411000 170599113 5
D 1111 8458 0 9582 374170604 319699740 41
D 1132 8806 1 10608 210647232 171896456 8
D 1135 8858 0 10282 174343293 137693140 11
D 1141 11205 2 13100 72506536 56783348 1
D 1134 8842 1 10729 186746427 144232503 12
D 1136 11095 1 14554 204516108 156967610 6
D 1139 8930 0 12792 218347380 166332380 4
D 1125 10860 0 12418 422962471 334499671 34
D 1137 8894 1 10728 235035046 187237636 20
D 1145 11295 0 13798 130071295 99031838 4
D 1140 8946 0 10340 240342105 178867343 4
D 1129 10945 0 13464 363924646 301158611 52
D 1138 11140 1 12638 263660754 219147256 16
D 1120 10755 0 11640 476692938 392354784 33
D 1150 11410 0 12540 103962761 79967886 1
D 807 3759 0 4579 3747482391 2814476517 117
D 1142 8982 0 10226 238030041 181236235 7
D 1144 9018 1 11057 224345773 177902397 14
D 1072 7862 0 9290 1043714747 910582699 225
D 1158 11595 0 13556 94558641 72119234 1
D 1160 9314 1 11805 99803640 75427342 0
D 1147 11340 0 14470 258960268 201573691 7
D 1092 8158 1 10324 908351502 800615662 98
D 1151 9146 1 11077 180850664 147959970 5
D 1126 8706 0 10771 635773838 463347894 14
D 1159 11620 0 14446 138178205 106367616 2
D 1143 11250 0 12474 317006506 263169064 13
D 1156 9238 1 12550 157824623 128042660 4
D 1164 9390 1 11982 68211659 50226058 1
D 1133 11030 0 14039 495244333 414919280 24
D 1152 11455 1 13504 220392527 179066671 25
D 1165 11760 1 15104 97585701 74000348 0
D 1089 6084 0 6970 982938990 901208530 434
D 1117 8554 0 10469 748477960 637504704 97
D 1161 11665 1 12907 264322017 209170422 6
D 977 4983 0 5532 2273310823 1902448434 120
D 1153 9182 0 11285 353637982 283026931 40
D 1168 11835 0 13973 184551187 139259893 7
D 1154 11500 0 13466 344025427 280183140 10
D 1148 9090 0 9965 479434743 376781704 41
D 1149 11385 0 13119 520694308 416995217 24
D 1173 11960 2 14321 249223825 195834331 6
D 1177 12060 0 13435 180066100 145400121 8
D 1162 11690 2 15063 345873729 277528928 24
D 1170 11885 0 13921 301320333 221237877 1
D 1167 11810 2 14226 299764551 235067522 31
D 1171 11910 0 15375 291192199 231754911 25
D 1172 11935 1 13263 287613254 231299209 26
D 1184 12235 1 14420 116784255 90640829 2
D 1181 12160 2 15214 145852122 110865374 0
D 1097 8234 1 9116 1210213252 1017020811 60
D 1166 11785 0 12904 425388284 327992407 12
D 1174 11985 1 13833 353329165 296802811 40
D 1175 12010 1 13174 355601597 296876274 20
D 1078 5961 0 7342 1383871593 1229666488 230
D 1180 12135 1 14010 269087489 210053519 18
D 1182 12185 0 14088 270935022 212501942 13
D 1176 12035 0 13519 371603504 300591871 13
D 1192 14937 1 17485 156924576 117643558 9
D 1189 14841 0 17094 174712311 136415972 5
D 1185 14715 0 16290 214380360 174022261 9
D 1178 12085 0 13453 326277082 259322977 23
D 1155 11525 1 12821 618962648 539283169 190
D 1197 15099 3 19441 136671231 106253583 6
D 1188 12340 2 15600 241269664 200286656 24
D 1169 11860 1 14582 524707572 425840637 32
D 1196 12555 1 14309 160945543 112331648 3
D 1146 9054 0 10010 847057204 720392339 99
D 1187 12315 0 15763 330134944 266902118 33
D 1179 12110 1 13382 424780362 355718979 18
D 1191 12420 0 14120 324467331 264036040 16
D 1194 12500 0 14519 311870660 259353747 23
D 1205 15363 1 19665 183589747 154870142 9
D 1193 12475 0 13348 350644968 288800114 15
D 1200 12665 0 14710 267057237 217253874 37
D 1207 12860 0 15018 199924247 153897221 5
D 1201 15231 1 19910 297919664 234804197 22
D 1209 15501 1 18056 209478612 164222245 25
D 1206 15399 1 20444 283464560 217657480 7
D 1202 12720 0 15402 337966579 264026142 15
D 1211 15567 1 18872 261405617 204465340 14
D 1190 12395 0 14027 524746728 407603353 14
D 1208 15465 2 18195 254087415 216510131 35
D 1183 12210 0 15114 579551996 493962080 96
D 1203 15297 0 18458 345392732 278993666 19
D 1083 8022 1 10121 1650249131 1498710965 250
D 1199 15165 1 18368 389994265 319194947 22
D 1104 8346 0 8995 1529753752 1341298113 283
D 1157 11570 1 12873 900453720 780254318 204
D 1220 15885 0 19564 127253506 99716712 4
D 1215 15705 1 18807 223568566 177203358 19
D 1204 12775 0 14106 380282683 319476440 30
D 1186 12290 2 13914 571983481 476192299 22
D 1213 15639 0 17179 270968268 216741918 8
D 1227 16137 0 18356 111082809 83861705 2
D 1198 12610 0 14764 483172316 398134297 70
D 1232 16323 1 20762 84381337 62297835 4
D 1224 16029 3 20617 145715404 113460253 3
D 1210 12945 2 15876 378865123 311129603 30
D 1163 11715 0 13213 1046832444 774864083 46
D 1219 15849 2 17788 234679482 186758408 17
D 1217 15777 1 19825 280047021 228476092 29
D 1237 16509 2 19795 146314511 111359361 6
D 1238 19306 2 24271 157727228 125350150 6
D 1214 13060 1 16650 406350534 356244821 49
D 1242 19488 2 22571 142722952 113379800 7
D 1216 15741 2 17445 420427765 352336765 104
D 1226 16101 1 21185 290538461 229642809 29
D 1223 15993 1 18378 339786858 274542369 22
D 1236 16473 0 19078 244155354 193776785 17
D 1240 19397 2 23346 221375729 182475131 9
D 1230 16245 1 19717 327241117 268266642 16
D 1228 16173 0 20517 338334198 272809956 37
D 1234 16395 0 18906 310949293 242690677 19
D 1233 16359 1 19653 323585987 271001539 30
D 1239 16587 1 20070 272489367 215903933 14
D 1221 15921 1 20736 434211927 360072778 54
D 1231 18998 1 20417 365787676 291546799 32
D 1244 19579 1 22323 284572448 225699345 12
D 1218 15813 0 17254 505574160 434464815 110
D 1247 19719 0 23190 226793399 174979854 5
D 1195 15033 1 17269 830265565 739444127 460
D 1212 15603 1 20647 611752436 503937964 150
D 1225 16065 0 19043 440806108 356853619 38
D 1222 15957 0 17644 527694276 436918789 25
D 1245 16821 1 21796 342425786 285839778 48
D 1255 20097 1 24959 168173389 127987550 1
D 1249 19810 2 23970 242296127 196943759 10
D 1262 20440 1 24066 141541034 103649824 5
D 1251 19908 1 22464 247718688 195596454 13
D 1268 20748 2 25831 104645078 83698416 12
D 1250 19859 1 22753 294633389 235514303 24
D 1267 23652 2 29754 129557913 97656598 3
D 1248 16941 0 21327 328997812 266526449 35
D 1235 19173 1 24205 514367687 421556708 46
D 1241 16665 0 18414 494441664 384808186 58
D 1012 5295 1 7320 2983945553 2624606544 388
D 1261 20391 2 23768 250308280 193065219 7
D 1270 23828 1 31654 149840159 114332662 3
D 1253 19999 1 23468 329188444 279109935 39
D 1259 20293 0 23866 261971716 215655734 62
D 1258 20244 2 23008 306864053 249145096 27
D 1254 20048 0 23224 353878156 288194488 9
D 1229 16209 0 19271 616785813 528399699 44
D 1243 16743 2 21270 537403747 437354513 53
D 1252 17103 3 21623 377045552 325594570 57
D 1264 20545 0 23317 279563058 223333979 16
D 1273 21007 1 23213 192362340 145734654 11
D 1260 20342 2 23343 315923334 260101008 32
D 1246 19670 0 23402 543795349 467008017 90
D 1265 20594 0 23411 294522442 240496524 19
D 1272 23948 1 29243 227667260 184507457 11
D 1277 24252 1 30049 177696507 139211827 6
D 1279 24380 0 29420 171444603 129934188 5
D 1256 20146 1 23823 408974687 344181983 109
D 1274 24068 1 27619 261498162 207079694 14
D 1280 21385 1 24177 210002202 170316616 15
D 1285 24756 3 34600 169669203 134728980 7
D 1289 25020 2 30900 168038002 122294471 6
D 1284 24692 1 28671 209389870 164620006 9
D 1271 20902 0 25254 356620308 287140838 37
D 1275 24132 1 29814 357360794 257214216 14
D 1282 24564 1 28422 240108969 195112143 13
D 1287 24884 2 30901 221662746 168326949 8
D 1302 29142 1 33847 109120341 82015136 6
D 1266 20643 1 26133 489975890 412386674 60
D 1288 28071 0 31633 291593960 233394024 21
D 1292 28368 1 32591 259127391 208561328 17
D 1295 28593 2 36648 246940680 203065097 18
D 1276 21168 1 24300 413640793 350567864 68
D 1294 25348 2 29889 279168630 224414211 18
D 1257 20195 0 23968 701952971 568835079 73
D 1301 29061 1 34361 251162567 196926869 10
D 1286 24820 1 27782 417498338 324510835 29
D 1305 29376 1 34325 215639376 165289877 4
D 1263 23420 2 27763 610002579 531010275 41
D 1308 29619 1 37274 222725445 178743599 7
D 1306 29457 1 34752 235179359 186079420 6
D 1291 25148 3 32263 395784215 330518562 106
D 1300 28980 2 35113 324206043 266835051 57
D 1310 29790 2 36952 172034289 142050601 4
D 1307 29538 2 36224 272525651 216362169 17
D 1296 25484 1 29251 402854232 329123041 49
D 1303 25972 0 29680 336698070 276299788 63
D 1281 24500 1 28050 531783807 452121139 83
D 1269 20797 1 23312 688093116 591039033 102
D 1278 24316 0 26474 635460891 534284789 126
D 1297 28746 0 35151 476492347 404014910 113
D 1293 25284 2 30665 556629730 460082876 53
D 1312 29952 1 34489 305580068 250587832 39
D 1319 33945 1 37123 209745403 168225505 14
D 1326 34635 0 41358 163500197 126387970 7
D 1322 34235 1 39560 198661008 159098103 8
D 1311 29871 3 37951 355588788 290506167 16
D 1325 34535 2 42610 196464592 158928690 8
D 1316 30294 0 36809 267526409 214394787 9
D 1321 30726 2 37595 226919719 180380028 15
D 1323 34335 0 41344 228039504 179876494 13
D 1330 35045 1 42431 123508222 94528351 5
D 1283 24628 0 27646 689709417 570222191 151
D 1309 33005 0 40819 434306578 350042289 32
D 1324 34435 0 39381 237625785 192696655 24
D 1315 33565 0 40337 347482706 288141664 28
D 1332 35255 2 41046 143237521 111063560 8
D 1327 34735 1 39322 236747133 188063731 12
D 1329 34945 2 39396 214625774 162629278 14
D 1314 30123 1 37031 425950639 349749611 35
D 1334 35465 2 43468 164822578 125970802 9
D 1317 33755 2 38766 403473269 308193657 27
D 1290 25084 0 27925 702725019 633919154 302
D 1318 30465 0 34743 418777810 338052603 64
D 1320 34045 1 37802 428976158 342136872 29
D 1299 25692 0 28774 714885767 586428240 113
D 1343 40095 2 45443 162883993 127662120 11
D 1313 33375 1 41349 547177830 428689275 30
D 1342 43602 2 50099 230811656 172561969 7
D 1339 39600 3 46935 230232729 189371233 33
D 1337 35785 0 45460 274819976 213742899 15
D 1336 39248 2 49428 281379198 225302265 22
D 1349 44562 1 52590 222894588 171230950 5
D 1304 29295 2 35344 708934367 615080714 103
D 1344 40216 2 48660 267102060 211887415 28
D 1066 5832 0 6587 3408644586 2935583050 353
D 1331 38665 2 44143 425275717 352485787 32
D 1357 45714 2 56645 196940456 153175849 11
D 1341 39842 0 45305 383546783 319553192 30
D 1351 41107 1 48061 308269650 246269821 30
D 1346 44142 2 55230 375563796 309806333 71
D 1354 49049 1 55999 295495302 243015056 22
D 1364 50674 1 60496 188236118 151104283 18
D 1335 39127 0 46753 497321095 412336372 44
D 1350 44706 2 51309 415384779 334664740 34
D 1361 50180 0 58462 247741956 196478565 21
D 1347 40590 1 50118 432746714 355777727 73
D 1358 49686 0 57183 341911612 271497427 23
D 1360 50011 4 61059 327286233 252426701 11
D 1340 39721 0 46411 538415082 439810559 45
D 1355 45426 1 53334 399207329 318818101 32
D 1367 51194 3 63041 276041568 224773978 41
D 1352 44982 1 55237 468348512 373735999 51
D 1333 38896 1 45571 598128954 507117084 214
D 1345 40337 2 50360 540799847 451769326 62
D 1366 51025 5 60805 306027813 245406939 39
D 1365 54761 1 63452 306795516 248293511 15
D 1298 28827 2 37639 1161296761 947039764 89
D 1338 39479 3 48362 575566663 502446445 109
D 1370 51714 0 58496 217713798 177140713 11
D 1369 55503 2 67855 267039065 214096067 24
D 1363 50505 3 61073 364583525 301319735 36
D 1374 56469 5 68293 185007883 146491410 10
D 1348 44418 0 52183 568552337 485507883 62
D 1372 56077 4 67151 244249714 201386411 42
D 1359 46014 2 53303 483566391 396276852 28
D 1356 45570 3 56133 528457610 432685024 47
D 1353 45126 4 57097 555000917 478393787 82
D 1371 55881 1 65803 309678722 253060581 30
D 1378 61350 1 72170 253593894 203847009 16
D 1379 57463 3 68163 254931821 199795058 12
D 1377 57057 3 72264 316858792 247510800 23
D 1380 61785 3 72396 245159001 199695565 44
D 1362 46470 3 53676 522699758 444027608 130
D 1328 38324 4 48707 912166450 775490812 182
D 1386 67336 3 77514 223945266 178665683 13
D 1383 62445 4 78976 241015219 193311640 30
D 1375 56665 2 69079 349522028 277436984 28
D 1376 56861 2 66263 345958535 274265600 28
D 1389 63825 1 76564 225326086 182272783 33
D 1392 68840 0 78621 240634097 191661625 12
D 1382 62220 0 73553 311319508 253957883 22
D 1387 63360 1 74353 289138326 235996294 52
D 1384 62670 3 74848 315155516 254598940 37
D 1385 62895 2 74317 327316670 263039949 68
D 1394 73695 5 90670 267714790 209655749 16
D 1368 51363 1 59188 538246082 449443198 87
D 1390 68328 0 80584 302692907 240674594 27
D 1400 75412 5 88660 195297217 154877894 12
D 1398 74834 5 92708 239866442 188108002 21
D 1373 56273 1 64989 485024739 396346454 64
D 1391 68584 2 81532 338555597 265636647 19
D 1393 69096 1 80118 320050238 254200229 19
D 1405 81441 7 103743 163128484 126989580 9
D 1399 75123 3 94115 269915348 215453147 24
D 1404 81117 2 95425 246734202 191441170 12
D 1402 76007 4 87486 272755295 221310764 27
D 1406 86317 5 100312 238062705 191827162 23
D 1408 87020 4 104388 237778027 185016554 15
D 1395 69624 3 80603 386082824 316019262 47
D 1388 67832 3 84138 473602161 377452747 30
D 1409 87381 2 104692 251751717 200889450 9
D 1415 94310 3 113097 206850096 164350430 16
D 1416 94710 4 110486 216204521 169598585 7
D 1412 88464 3 110405 253124397 200747044 17
D 1403 80793 2 94224 357500218 294144044 31
D 1411 88103 4 104463 341608156 279853986 49
D 1413 93510 4 111246 314503672 251723086 27
D 1421 101619 2 115001 260425234 204157455 21
D 1414 93910 2 111095 322576489 259852788 46
D 1431 121524 6 144597 204661886 159578501 10
D 1396 74256 3 85963 568387840 475318151 123
D 1419 100737 5 118960 347613620 281410393 44
D 1427 114333 6 135840 247847216 197990920 20
D 1423 102522 6 126940 334122329 266701040 21
D 1424 107877 4 130974 342711626 273388058 19
D 1420 101178 5 124707 379187287 304806981 35
D 1401 80163 6 99511 589146073 472287797 56
D 1425 113298 6 135697 362033313 294514037 41
D 1433 122676 5 146993 278175087 219679481 38
D 1407 82107 2 95941 499171827 437259070 166
D 1422 106931 7 127996 404153059 333925147 50
D 1417 95110 5 111965 471348551 391394525 29
D 1397 74545 3 91131 688652005 582377988 67
D 1441 143505 4 172060 203382278 159727524 18
D 1430 115920 3 141861 378035690 299075301 25
D 1435 123852 6 146045 308834370 248738097 23
D 1432 122100 3 143588 371042869 301568908 37
D 1426 108867 2 125590 448637735 376511165 83
D 1429 115391 4 139647 417632469 351690774 51
D 1418 100296 5 118506 539814841 465263926 195
D 1443 144963 7 170985 240813088 186358641 14
D 1436 134823 6 155649 360081633 305027946 35
D 1438 136149 5 159965 330287325 272267079 79
D 1439 136825 4 163653 330608155 269570520 40
D 1437 130275 4 159004 361838198 298354719 61
D 1445 151886 5 182292 256882949 201766785 28
D 1434 128400 4 155889 438328899 355666475 87
D 1428 114862 6 137541 511401034 422132219 43
D 1451 167955 3 196368 241568565 194385023 20
D 1450 167055 6 204104 299554731 240734646 26
D 1410 87742 4 103648 788968850 668203506 203
D 1454 182128 4 215262 263495534 208356377 14
D 1447 158949 6 185739 359803288 300632685 45
D 1448 159790 11 190418 374274409 312467190 46
D 1440 137501 3 162082 485199306 402293969 59
D 1455 183152 8 223151 297311655 236729322 30
D 1457 191004 8 232604 291599537 237198544 39
D 1460 200209 8 244719 282883020 223918559 25
D 1465 224479 11 271720 235535935 183572240 13
D 1452 174499 4 205023 394534265 323903274 40
D 1442 144234 6 174520 507959312 414328944 60
D 1449 160631 7 187839 451976091 358978769 21
D 1444 151102 4 175440 494865699 408996733 71
D 1446 152670 10 184114 468337645 397801082 59
D 1458 192093 8 225303 357582123 289304933 66
D 1456 184176 6 216646 377734815 306029892 37
D 1464 223110 6 270790 307510974 249770300 54
D 1466 225848 7 262563 304265929 242312298 32
D 1463 215766 7 251374 398061071 315482526 24
D 1468 241020 8 284299 381634325 309717277 42
D 1470 250340 8 295587 353681960 283917992 45
D 1471 258259 7 298387 332274057 269327196 51
D 1467 233377 6 276437 392229043 321892305 75
D 1453 175460 5 208609 548291060 455412837 98
D 1461 207305 8 245414 443585272 374188835 116
D 1469 242541 9 285761 429293316 355908365 108
D 1479 305739 7 354012 274478613 219069894 21
D 1474 269787 11 326620 360789857 287713194 37
D 1477 294975 11 341915 318737451 253312337 31
D 1484 351441 11 410134 251144279 199179080 33
D 1483 348840 10 420809 272452721 219827331 31
D 1481 323592 13 388780 294433652 233524854 20
D 1462 208530 6 248510 548826988 448850333 55
D 1476 286462 8 345186 350157710 289456045 53
D 1478 303623 11 357283 356253686 295106220 43
D 1482 332710 9 383446 319326306 257650547 45
D 1487 380673 16 441998 315278633 253325392 53
D 1480 321288 8 366464 380861088 313195721 35
D 1489 408120 17 467577 308027984 246082981 29
D 1473 268023 10 320510 486093954 400070732 94
D 1486 377757 18 429777 383364507 318731076 92
D 1495 481376 20 540618 247473563 197576583 30
D 1492 440130 18 503978 262148506 210938211 31
D 1490 418615 20 472005 388814326 322508505 81
D 1491 429284 17 479702 356793890 289680231 57
D 1381 57869 1 67405 1788414799 1370519289 24
D 1493 451156 21 503925 338021423 271224937 52
D 1475 284526 5 328326 600940869 501339555 115
D 1485 361010 6 406662 512177271 428081880 101
D 1494 469854 20 529537 393813599 325464819 64
D 1501 587227 22 625955 306995795 248366948 34
D 1497 512751 11 561632 387425748 312827759 55
D 1496 500709 20 540001 401279289 329666725 95
D 1499 553161 17 587282 356420735 287626620 39
D 1502 608798 22 655897 347399529 283258855 48
D 1498 532749 20 578785 400531654 328504541 66
D 1504 653320 20 692264 352896139 282188057 44
D 1506 699846 23 721426 347428830 283409074 45
D 1510 825550 28 826016 324920066 262649060 40
D 1488 390720 11 450905 630456810 534829080 170
D 1472 259940 7 304941 880365458 668749590 43
D 1509 790878 25 785758 364304548 294768759 45
D 1507 732279 29 768909 418453026 333682769 71
D 1503 630825 28 663295 437432853 365458545 91
D 1513 934804 28 895105 325179909 262796971 33
D 1511 861077 29 847993 376158273 308148597 55
D 1505 684584 26 690932 455116788 382679624 225
D 1512 897486 27 861760 383107794 315284948 70
D 1515 1021644 36 970300 356486442 289470682 72
D 1500 566100 18 607082 557204225 461024073 103
D 1518 1175265 36 1080442 352253788 282868773 51
D 1519 1239104 35 1109789 350807272 282885041 50
D 1524 1609520 62 1327293 293760713 235488826 41
D 1514 982206 29 957481 471773856 385878304 81
D 1508 765495 27 784348 559030693 465371317 126
D 1516 1071455 35 1006966 422238578 349498473 81
D 1517 1122646 26 1039846 426441371 350729690 78
D 1522 1442298 38 1242845 352694237 285984142 70
D 1459 199053 6 233962 1163782449 1013802604 307
D 1521 1372479 39 1191338 400609998 327630202 81
D 1529 2182597 56 1664395 329413332 265132552 51
D 1520 1294986 36 1157288 439592510 362643789 106
D 1525 1707885 46 1408728 394182837 319744429 37
D 1528 2035316 52 1551141 375057377 309074898 96
D 1523 1524568 37 1304219 470878468 384695674 77
D 1527 1925937 48 1512575 438809807 357665581 88
D 1530 2335698 63 1733138 405405440 332215496 83
D 1535 3382026 94 2177589 336326638 272729366 95
D 1536 3701439 106 2294831 343419143 277711682 66
D 1534 3126827 81 2045373 374256363 306765561 83
D 1539 4875024 124 2651009 344818349 274571046 70
D 1531 2506685 59 1806764 412283729 337727754 72
D 1538 4431116 114 2565189 398259346 323282680 73
D 1533 2895007 81 1969159 445446099 370666139 107
D 1541 5990305 149 3043278 394222577 320343909 79
D 1537 4023865 101 2405794 444957811 364162060 98
D 1540 5401890 118 2912056 458631103 374821156 121
D 1542 6691910 176 3215652 417329247 344249259 128
D 1547 13152090 286 4618391 378999439 308191248 86
D 1564 428198341 3466 67989966 40303207 33005188 26
D 1526 1809652 43 1455019 681500343 560768293 87
D 1563 415935320 3500 57548823 53521363 43761824 30
D 1543 7534701 184 3407989 441660858 358317953 66
D 1562 397916329 3656 40479337 69410256 56484325 32
D 1561 370865040 3624 15064943 97823262 79674388 45
D 1546 11282216 252 4265831 408501772 333777412 86
D 1565 436582574 3380 76704598 31988329 26115060 18
D 1550 22589424 438 5996866 382029181 309583636 102
D 1560 331727138 3551 8732886 140530071 114750518 62
D 1566 442529226 3219 84519649 24225883 19726191 16
D 1567 446703279 3152 88254631 19405586 15830917 19
D 1568 449947903 3052 90787792 15327132 12477194 11
D 1551 28013581 558 6579954 395792866 321011102 128
D 1559 279156375 3188 10211734 198037992 162103677 95
D 1552 35435084 652 7353659 386312870 313884375 86
D 1555 83455285 1339 10062600 353923920 288741155 111
D 1532 2696760 77 1859880 639244198 549856390 234
D 1544 8551209 203 3697517 523589953 427022648 94
D 1558 218952747 2784 11197281 250391739 204055665 77
D 1569 452296778 2977 91643676 13161922 10735105 10
D 1570 454175544 2878 91331714 10934656 8891401 7
D 1545 9779545 229 3946863 513205569 419150639 122
D 1549 18609168 366 5545987 459935234 383307541 189
D 1548 15520587 304 5083952 500755197 406076084 151
D 1574 458502700 2588 84979799 6374261 5210579 3
D 1573 457858884 2643 87045768 7772983 6338702 2
D 1572 456782616 2744 88712040 8291313 6700914 5
D 1571 455753550 2845 90448160 10202888 8356447 6
D 1554 61126860 1007 9210327 412799882 336912395 144
D 1575 459259065 2557 83025451 5712434 4653159 4
D 1576 459797738 2452 80682704 5160299 4191184 10
D 1557 161936928 2278 11401134 323066281 263296161 111
D 1577 460247697 2491 78898756 4262637 3480419 2
D 1556 116287893 1714 10993951 373695927 303886580 155
D 1578 460593175 2421 76767491 4251593 3483757 4
D 1579 461078856 2356 75071068 3718860 3043058 0
D 1553 46052880 819 8242601 451524663 370005710 149
D 1580 461237084 2352 73036552 3146668 2573970 1
D 1581 461567035 2312 71170813 2917319 2376230 2
D 1582 461706255 2291 69205389 2792994 2285031 3
D 1583 461858891 2258 67543593 2622019 2141415 1
D 1584 462242040 2176 65684713 2427899 1971359 1
D 1585 462285609 2151 63978787 2232933 1818807 1
D 1586 462335955 2105 62425711 1989855 1630578 3
D 1587 462601471 2084 60889911 2052006 1680801 0
D 1588 462629534 2102 59402230 1991516 1618118 1
D 1589 462780081 2050 57789337 1696547 1396456 0
D 1590 462744414 1965 56560669 1696830 1383798 3
D 1591 463068085 1994 55285161 1516772 1246646 1
D 1592 462903290 1962 53709373 1431012 1160777 1
D 1593 463152165 1969 52616557 1232912 1006613 0
D 1594 463123588 1967 51594484 1225170 994576 0
D 1595 463194648 1930 50511744 1180426 967428 0
D 1596 463199877 1865 49689930 1153476 935249 1
D 1597 463343975 1908 48072431 1038812 842789 0
D 1598 463261618 1853 47409854 1066096 868249 0
D 1599 463348250 1832 46093785 989062 816230 2
D 1601 463509320 1800 44285571 868673 709875 0
D 1600 463426885 1847 45186917 912868 741646 1
D 1602 463607077 1792 43399235 885390 717209 0
D 1603 463525902 1770 42773868 806027 654784 1
D 1604 463475576 1783 41872208 733853 596095 0
D 1605 463466997 1695 40828207 730873 593483 0
D 1606 463722987 1738 40234759 623068 509885 1
D 1607 463619631 1677 39768228 699207 574803 0
D 1608 463582764 1713 38772919 623527 506384 0
D 1609 463841118 1673 38088083 580653 475908 1
D 1610 463530075 1702 37398891 602459 485380 1
D 1611 463748253 1657 36906065 562224 457215 0
D 1612 463847244 1675 36032697 557884 453302 1
D 1613 463601178 1634 35343914 534051 439054 0
D 1614 463918950 1597 34756206 534859 436406 1
D 1615 463670928 1607 33925331 477314 386247 1
D 1616 463773997 1577 33713396 428543 350349 0
D 1617 463775117 1580 33187737 428596 345346 0
D 1618 463912105 1561 32730278 432803 351693 1
D 1619 463715825 1555 32065130 421720 342912 0
D 1620 463901811 1553 31567160 388545 318115 0
D 1621 464000767 1534 30905869 373850 304928 0
D 1622 463768712 1519 30547555 350294 285511 0
D 1623 463938400 1537 30222785 335897 275135 0
D 1624 463780331 1464 29771419 397019 324533 1
D 1625 464038489 1485 29354846 348285 289080 0
D 1626 463719815 1503 28826013 338180 276739 0
D 1627 464079945 1494 28547353 289643 234681 0
D 1628 463862490 1440 28010752 313618 255810 0
D 1629 463826181 1473 27554129 313534 258184 0
D 1631 464066759 1537 26783813 275321 226292 0
D 1630 463978780 1467 27237675 274338 224719 0
D 1633 464048826 1424 26143228 264987 217211 0
D 1632 463827615 1390 26484380 296319 237903 0
D 1634 463945549 1430 25683734 263580 216561 1
D 1635 464047556 1417 25604123 254979 207322 0
D 1636 463822374 1435 24974165 233355 190194 0
D 1637 464078355 1426 24927010 252353 207017 0
D 1638 464009598 1388 24424628 232731 188684 1
D 1639 463884642 1392 24325999 245736 198775 1
D 1640 463980541 1387 23900655 211706 174318 0
D 1641 464025980 1372 23680573 224066 182300 0
D 1642 464021259 1381 23184639 199709 162513 0
D 1643 463966678 1366 23040153 229583 188522 0
D 1644 464145857 1361 22783579 201767 165759 0
D 1645 463995721 1344 22534839 215798 175886 1
D 1646 463796595 1333 22078514 187014 152779 0
D 1647 464125160 1338 21936249 190597 157080 0
D 1648 464125167 1383 21419033 172039 139759 0
D 1649 464081812 1312 21431029 182775 147917 0
D 1650 463995338 1322 21186795 186355 152407 0
D 1651 463865988 1338 20734175 174871 142165 0
D 1652 463990137 1292 20610366 161850 131346 0
D 1653 464076582 1274 20685784 162383 130545 0
D 1654 464125515 1287 20383445 189446 155558 0
D 1655 464137128 1305 20000723 160560 131156 0
D 1656 464111613 1273 19882731 144826 116248 0
D 1657 464049162 1265 19540616 144574 117777 0
D 1658 463949967 1278 19558947 144791 118151 0
D 1659 464121126 1270 19133018 142901 116634 0
D 1661 464056665 1294 18813890 135947 111431 0
D 1660 463952034 1249 18933868 161241 134105 0
D 1663 464171511 1273 18362922 159466 129543 0
D 1662 464129775 1265 18527986 151454 122313 0
D 1664 463867644 1232 18520377 140568 114655 0
D 1665 464159976 1198 18068894 147884 120289 0
D 1666 464108479 1255 17943334 133429 109460 0
D 1667 464026196 1233 17515689 118511 97118 0
D 1668 463913274 1216 17668157 129558 105686 0
D 1669 464091531 1208 17317567 122228 99737 0
D 1670 464243760 1206 17328427 118828 96740 0
D 1671 464045524 1206 16870751 120161 97580 0
D 1672 464143166 1204 16899464 127019 103972 0
D 1673 463887730 1186 16671766 101343 81996 0
D 1674 464260085 1204 16500687 117171 96497 0
D 1675 463950784 1188 16485539 114997 93797 0
D 1676 464275148 1155 16257656 99695 81151 0
D 1677 463912438 1187 16074336 103280 84289 0
D 1678 464189219 1210 15830352 86306 70579 0
D 1679 464109345 1182 15858185 93860 77035 0
D 1680 464004541 1195 15487697 106855 85676 1
D 1681 464213457 1162 15545936 98494 80600 0
D 1682 464061852 1160 15352888 95603 77583 1
D 1683 464226896 1155 15221181 98148 79552 0
D 1684 464028864 1174 15014411 87865 71419 0
D 1685 464150388 1161 14909244 90362 73760 0
D 1686 463906303 1167 14694965 86044 70460 0
D 1687 464331329 1126 14888268 89256 72577 0
D 1689 464082432 1142 14362745 103113 85113 0
D 1688 464044236 1146 14700739 88470 71265 0
D 1691 464099004 1136 14148979 75434 61062 0
D 1690 464100663 1154 14275739 79511 64093 0
D 1692 464077530 1140 14240012 90931 74101 0
D 1693 464036316 1131 14018562 89251 73165 0
D 1695 463896269 1119 13647076 69892 56215 0
D 1694 464331355 1131 13858958 80623 65057 0
D 1696 464154796 1124 13656044 74684 60836 0
D 1697 464397759 1137 13510569 67264 53410 0
D 1698 463903011 1090 13581479 79140 64710 0
D 1699 464109854 1088 13323292 62271 50474 0
D 1700 464301301 1096 13262241 70759 57319 0
D 1702 463904523 1082 13077762 69460 56559 0
D 1701 464112467 1113 13303026 78470 63373 0
D 1703 464045010 1128 12955792 57239 46774 0
D 1704 464170317 1118 12922618 63544 51699 0
D 1705 464280492 1093 12682913 60504 48945 0
D 1706 464004346 1077 12656885 67880 55038 0
D 1707 464081904 1082 12657882 67789 55631 0
D 1708 464144486 1082 12490000 63673 52447 0
D 1709 464192140 1043 12328359 66975 55497 0
D 1710 464224914 1101 12508221 75386 62710 0
D 1711 464242856 1034 12192115 74255 60639 0
D 1712 463867350 1073 12011729 62915 50976 0
D 1714 464206950 1021 12005063 54113 44052 0
D 1713 464233212 1062 12217500 65951 54152 0
D 1715 464166048 1069 11785536 52401 42459 0
D 1716 464110554 1060 11865961 62017 50499 0
D 1717 464040516 1021 11657295 52754 42780 0
D 1719 464244148 1056 11555430 52398 42135 0
D 1718 463955982 1054 11493763 53754 43387 0
D 1720 464133159 1023 11653591 66214 54301 0
D 1721 464397345 1065 11315226 51480 41603 0
D 1722 463869326 1047 11344116 53049 43298 0
D 1723 464107299 1027 11137817 44918 36427 0
D 1724 464334598 1021 11215859 52211 43010 0
D 1725 464156973 1025 11048399 44185 36157 0
D 1726 463965200 1020 11065962 55967 44941 0
D 1727 464155950 1002 10904654 49155 40265 0
D 1728 464336152 1027 10972550 46822 37917 0
D 1729 464106875 1018 10831152 48714 39284 0
D 1730 463863618 1037 10814759 50753 41652 0
D 1732 464142525 1002 10571038 45206 36636 0
D 1731 464408982 1025 10693320 42024 34242 0
D 1733 463862208 980 10607739 49688 40127 0
D 1734 464377542 1030 10406677 45006 36592 1
D 1735 464074225 1020 10438919 52151 42409 0
D 1736 464164187 1014 10321028 45786 37042 0
D 1737 464243871 1010 10184837 40413 32598 0
D 1738 463904010 961 10112567 48924 39539 0
D 1740 464008839 980 10146878 43777 35588 0
D 1739 464371380 978 10052821 39323 31907 0
D 1741 464045431 964 10064786 49497 40941 0
D 1742 464071889 973 9876067 39217 32010 0
D 1743 464503165 1024 9788178 36404 29904 0
D 1744 464095628 995 9801975 39355 32217 0
D 1745 464091843 991 9706352 39966 31859 0
D 1746 464078032 992 9728136 41768 34382 0
D 1747 464054222 963 9653391 45782 37329 0
D 1748 464440921 1002 9561964 41701 33802 0
D 1749 463977815 979 9506590 36371 29488 1
D 1751 463861724 988 9461740 38590 31522 0
D 1750 464346850 959 9443422 39059 31875 0
D 1752 464213191 944 9383261 34974 28490 0
D 1753 464132129 998 9263610 34461 27784 0
D 1754 464041248 950 9227412 35529 29006 0
D 1755 464368713 935 9344902 40390 32895 0
D 1756 464260440 978 9006931 31269 25560 0
D 1757 464142420 983 9033790 31358 25405 0
D 1758 464014680 950 9209618 36981 30303 0
D 1759 464309700 931 8873826 30478 24887 0
D 1760 463731219 972 8855052 30618 24913 0
D 1762 464281576 940 8817261 32913 26941 0
D 1761 464443665 973 8875759 33428 27546 0
D 1763 464109884 938 8756478 32354 26424 0
D 1764 463928616 958 8712283 29553 23738 0
D 1765 464176644 927 8821979 33733 27745 0
D 1766 463978416 937 8622615 27479 22471 0
D 1767 464211639 908 8602996 31791 25977 0
D 1768 464438538 908 8596021 27878 22508 0
D 1769 464216068 946 8411160 24188 19569 0
D 1770 463984157 918 8425844 28970 23303 0
D 1771 464187978 910 8353488 32227 25880 0
D 1772 463939347 935 8433652 27988 22986 0
D 1773 464128573 902 8270846 29686 23714 0
D 1774 464311565 947 8290809 31463 25674 0
D 1775 464039037 897 8152833 27478 22353 0
D 1776 464207532 920 8195096 38214 30635 0
D 1777 464369835 919 8215036 29897 24178 0
D 1778 464073571 954 8039784 29818 24164 0
D 1779 464221475 909 8123702 27534 22447 1
D 1781 464497824 928 7907054 35956 29596 0
D 1780 463908795 924 8041820 26929 22154 0
D 1782 464170843 910 7926778 28831 23005 0
D 1783 463834700 930 7838183 30366 24881 0
D 1784 464406423 892 7821966 26300 21652 0
D 1785 464056077 902 7876854 31887 25678 0
D 1786 464157153 869 7757748 24536 20013 0
D 1787 464252175 887 7755699 24783 20169 0
D 1788 463878622 906 7633643 26652 21289 0
D 1789 464423102 899 7624961 22527 18153 0
D 1790 464035500 863 7714736 25056 20386 0
D 1791 464104431 922 7555239 25945 21632 0
D 1792 464167374 860 7543556 26001 21347 0
D 1793 464224341 887 7477142 26307 21325 0
D 1794 464275344 894 7437854 23593 19152 0
D 1795 463850890 888 7432228 27544 22422 0
D 1796 464358518 911 7363661 25734 20620 0
D 1797 463920225 879 7306215 24882 20241 0
D 1798 464417988 857 7295518 26767 21423 0
D 1799 463965912 848 7320125 22858 18185 0
D 1800 464453850 868 7328537 28058 22613 0
D 1801 463988047 885 7223847 23828 19222 0
D 1802 463989825 853 7239266 22581 18377 0
D 1803 464463101 917 7066302 23448 19166 1
D 1804 463976814 854 7067157 19835 16155 0
D 1805 464440365 855 7091141 20007 16200 0
D 1806 463940491 867 6960466 18493 14910 0
D 1807 464394357 883 7116380 20017 16231 0
D 1808 463880952 868 6958396 19586 15799 1
D 1810 464282400 861 6915697 22002 18069 0
D 1811 463748802 838 6876187 20148 16170 0
D 1809 464325173 882 6884828 19116 15357 0
D 1812 464178630 873 6814769 21533 17598 0
D 1813 464118615 847 6648761 18342 15060 0
D 1814 464540803 852 6836184 24491 19986 0
D 1815 463982375 898 6654290 17463 14178 0
D 1816 464395048 887 6719473 21595 17828 0
D 1817 463823327 826 6747957 22000 17569 0
D 1818 464226525 855 6630070 20265 16552 0
D 1820 464036271 836 6631795 18202 14760 0
D 1819 464134227 821 6742441 23933 19711 0
D 1821 464427210 837 6650499 20799 17092 0
D 1822 464319849 871 6473102 19135 15761 0
D 1823 464206860 821 6648590 20077 16395 0
D 1824 464088255 857 6462643 16859 13670 0
D 1825 463964046 834 6486812 19546 15937 0
D 1826 464333457 868 6415125 19276 15582 0
D 1827 464199933 852 6340133 20157 16242 0
D 1828 464060835 836 6285779 14671 11821 0
D 1829 463916175 815 6514727 24760 20210 0
D 1830 464268882 784 6296606 19302 15576 0
D 1831 464114977 842 6229497 17074 13976 0
D 1832 464460300 829 6314178 18891 15459 0
D 1833 463791501 835 6196269 16165 13195 0
D 1834 464127629 807 6264561 17234 14079 0
D 1835 464461006 819 6264887 19470 15769 0
D 1836 464283209 888 6178276 14075 11476 0
D 1837 464099928 842 6213393 18151 14677 0
D 1838 463911175 842 6086323 15176 12473 0
D 1840 464030270 801 6030873 15512 12699 0
D 1839 464228118 838 6118947 17447 14440 0
D 1841 464339949 835 5963635 15831 12963 0
D 1842 464133036 822 6058652 19533 15556 1
D 1843 464435475 810 5861469 16694 13603 0
D 1845 463998173 828 5960566 14616 11789 0
D 1844 464219527 852 5991947 17391 14240 0
D 1846 464288899 827 5895034 15291 12339 0
D 1847 464058560 797 5914532 16660 13859 0
D 1848 463822845 846 5860386 19389 16065 0
D 1850 463858164 807 5863794 18026 14925 0
D 1849 464622081 831 5913829 13001 10596 0
D 1851 464130105 802 5858150 14101 11552 0
D 1852 464399376 809 5709847 16120 13026 0
D 1853 464142264 773 5746498 18725 14988 0
D 1854 463879830 794 5670632 14405 11439 0
D 1855 464137570 769 5796975 16706 13577 0
D 1856 464392658 833 5763943 15346 12438 0
D 1857 464117848 821 5656871 19228 15801 0
D 1858 464365880 807 5596633 15070 12108 0
D 1859 464082265 816 5632434 14299 11711 0
D 1860 464323265 769 5677349 16985 14020 0
D 1861 464030875 799 5510125 14216 11531 0
D 1862 464264867 805 5511361 13394 10831 0
D 1863 463963732 803 5566139 14301 11680 0
D 1864 464190740 802 5522328 14282 11601 0
D 1865 464415135 803 5393891 13816 11207 0
D 1866 464101806 775 5573176 14324 11712 0
D 1867 463783269 806 5419169 12987 10525 0
D 1868 464533225 784 5513391 15054 12433 0
D 1869 464207760 804 5441608 12204 9948 0
D 1870 463877111 801 5359613 11433 9273 0
D 1871 464080722 789 5395366 16734 13502 1
D 1872 464281750 786 5352280 12113 9878 0
D 1873 464480198 784 5300047 11063 8992 0
D 1874 464134060 801 5379956 12527 10139 0
D 1875 463782780 787 5330779 12475 10282 0
D 1876 464513805 792 5337068 13376 10859 0
D 1877 464155685 762 5302840 15723 12617 0
D 1878 463792447 777 5223281 11774 9488 0
D 1879 464516648 798 5231896 12551 10253 0
D 1880 464146602 780 5209777 14900 12388 0
D 1881 464319432 766 5161262 12671 10391 0
D 1882 463940901 744 5221199 12111 9765 0
D 1883 464106955 773 5176604 11912 9726 0
D 1884 464270474 772 5155997 12561 10376 0
D 1885 463880113 753 5147859 13036 10518 0
D 1886 464589077 783 5141488 15095 12361 0
D 1887 464191980 790 5040456 10926 8952 0
D 1888 463789843 798 4998587 11799 9818 0
D 1890 464083246 784 4973822 12095 9754 0
D 1891 464225765 757 5020615 11553 9489 0
D 1889 464492087 759 4993273 12733 10116 0
D 1892 463808569 775 4940581 11006 9009 0
D 1893 464502458 753 5021549 14705 11728 0
D 1894 464078598 781 4888669 12158 9759 0
D 1895 464209455 760 4918909 13923 11418 0
D 1896 464337822 762 4951823 12347 9985 0
D 1897 463902342 786 4935357 12181 10058 0
D 1901 464374458 783 4805711 11038 8938 0
D 1898 464024085 764 4853056 11141 9196 0
D 1900 464260140 752 4890173 12290 9879 0
D 1899 464143350 775 4869864 11548 9445 0
D 1902 463920828 781 4772161 12195 9722 0
D 1903 464594869 748 4876136 12717 10211 0
D 1905 464237495 768 4823399 12917 10867 0
D 1904 464134671 783 4642273 9490 7555 0
D 1906 463769112 744 4801020 10139 8267 0
D 1907 464434968 741 4754109 10904 8822 0
D 1908 463960057 757 4718954 9308 7617 0
D 1910 464140418 749 4742169 11891 9493 0
D 1909 464051457 751 4726907 10036 8154 0
D 1911 464226943 785 4640131 9971 8239 0
D 1912 464311035 785 4593679 11747 9529 0
D 1913 464392697 752 4726374 10680 8821 0
D 1914 463896687 734 4697642 9827 8061 0
D 1915 463971885 764 4622757 11364 9259 0
D 1916 464621521 744 4619700 10416 8414 1
D 1917 464115834 732 4599542 10414 8568 0
D 1918 464183786 754 4413943 10734 8658 0
D 1920 463732400 725 4574315 8368 6773 0
D 1919 464249329 753 4598948 11942 9864 0
D 1921 464372400 730 4568858 9472 7604 0
D 1922 464430735 727 4475692 8087 6503 0
D 1923 463904211 732 4497599 10041 8264 0
D 1924 463956162 725 4498424 10186 8437 0
D 1925 464589778 748 4484144 9509 7741 0
D 1926 464053697 758 4497287 10070 8166 0
D 1927 464098492 741 4448678 9657 7885 0
D 1930 464218615 743 4379483 8336 6768 0
D 1928 464140908 740 4458573 11874 9652 1
D 1929 464180948 734 4462197 11035 8910 0
D 1931 464253912 757 4336364 10476 8515 0
D 1932 464286842 720 4366414 8989 7327 0
D 1933 463727031 732 4370508 8686 7015 0
D 1934 464344827 744 4348944 11216 8766 0
D 1935 464370675 733 4233889 10514 8485 0
D 1936 463801437 725 4267073 9042 7245 0
D 1937 464414526 739 4301093 9245 7545 0
D 1938 464433319 723 4278753 9172 7465 0
D 1939 463854690 707 4287677 8549 7000 0
D 1940 464463090 758 4245911 9383 7706 0
D 1941 463878221 733 4254008 9688 7747 0
D 1942 464483505 728 4292167 8292 6836 0
D 1943 463892412 711 4237300 9813 7893 0
D 1944 464494588 713 4204007 7518 6109 0
D 1945 463897287 745 4113606 7945 6538 0
D 1946 463895852 709 4185895 8892 7183 0
D 1947 464493381 724 4130730 7164 5952 0
D 1948 463886799 711 4188228 8884 7221 0
D 1951 464459851 730 4093591 9085 7447 0
D 1950 463868490 708 4034100 8438 6894 0
D 1949 464481240 699 4191004 8900 7325 0
D 1952 463840949 696 4036469 8813 7245 0
D 1953 464429238 745 4114085 8599 7038 0
D 1954 464410863 715 4114336 7936 6501 0
D 1955 463782762 733 4077497 7266 5909 0
D 1956 464366458 712 4068990 7858 6271 0
D 1957 464341199 722 3992888 8301 6686 0
D 1959 464283056 708 4040397 8499 6909 0
D 1958 463703935 723 4088565 9931 8247 0
D 1960 464250940 707 4045784 7543 6144 0
D 1961 464216544 678 4052517 7748 6346 0
D 1962 464179871 725 3990883 8607 7023 0
D 1963 464140924 710 3963631 7497 6063 0
D 1965 464056220 717 3904921 9405 7731 0
D 1964 464099706 698 3937303 8187 6493 0
D 1966 464626245 693 3930778 7189 5821 0
D 1967 463963209 684 3883844 7472 6055 0
D 1969 464478440 686 3948119 7440 6042 0
D 1968 463912936 704 3932713 8065 6594 0
D 1970 464425159 711 3874889 7199 5684 0
D 1971 463750091 716 3874088 7563 6194 0
D 1972 464311092 721 3846897 6328 5124 0
D 1973 464251062 701 3913759 9857 8142 0
D 1974 464188788 670 3895820 7398 6081 0
D 1975 464124273 737 3763527 7490 6086 0
D 1976 464057520 661 3793859 7493 6115 0
D 1977 463988532 716 3777369 8578 6927 0
D 1978 464542068 693 3760126 6502 5342 0
D 1980 464395169 696 3812924 8674 6996 0
D 1979 463844605 699 3859487 7706 6421 0
D 1981 464318751 705 3732424 6467 5108 0
D 1982 464240110 685 3745133 6557 5276 0
D 1983 464159249 699 3723212 6638 5384 0
D 1984 464076171 672 3813168 8165 6637 0
D 1985 463990879 703 3688339 6096 4985 0
D 1986 464534048 723 3626289 6430 5296 0
D 1987 463814400 666 3701277 7810 6406 0
D 1989 464261973 707 3702463 8586 7149 0
D 1988 464354625 698 3758841 9620 7826 0
D 1990 464167119 687 3716684 6794 5515 0
D 1991 464070066 674 3706924 8454 7092 0
D 1992 463970817 676 3616624 7050 5655 0
D 1993 464505178 675 3645421 6516 5354 0
D 1994 463766472 674 3665901 6799 5467 0
D 1995 464297913 686 3628569 7037 5699 0
D 1996 464191364 680 3556984 7719 6244 0
D 1997 464082631 674 3621048 6640 5263 0
D 1999 463859350 673 3639359 7584 6229 0
D 1998 464611160 653 3611932 6661 5431 0
D 2000 464384975 683 3554766 5793 4689 0
D 2001 464268982 658 3586795 6648 5385 0
D 2002 464150817 694 3549977 6624 5477 1
D 2003 464030483 679 3581476 7936 6366 0
D 2004 463907983 661 3602239 6093 4926 0
D 2005 464427824 686 3493889 5794 4659 0
D 2006 464302440 658 3518531 5926 4841 0
D 2007 464174896 668 3513633 7184 5778 0
D 2008 464045195 681 3508738 7227 5953 0
D 2009 463913340 639 3509384 6553 5305 0
D 2010 464427429 662 3521739 6453 5281 0
D 2011 464292706 688 3528373 5812 4726 0
D 2012 464155835 667 3466689 5985 4721 0
D 2013 464016819 678 3455018 7252 5860 0
D 2014 463875661 700 3440310 6632 5347 0
D 2015 464384030 665 3424869 5810 4786 0
D 2016 464240020 669 3476779 5965 4867 0
D 2017 464093874 687 3403886 5531 4574 0
D 2019 464449695 679 3425385 6179 5106 0
D 2018 463945595 647 3363197 5350 4348 0
D 2020 464298576 676 3351884 5389 4372 0
D 2021 464145330 665 3368092 6110 4948 0
D 2023 464489809 651 3382592 5705 4626 0
D 2022 463989960 682 3405052 7540 6086 0
D 2024 463673565 668 3424760 6262 5131 0
D 2025 464170590 661 3333984 5746 4714 0
D 2026 464667615 683 3349610 7475 6211 0
D 2027 463844321 656 3344077 5716 4679 0
D 2028 464338530 647 3293442 6549 5346 0
D 2029 464171175 698 3240142 4931 3941 0
D 2030 464001714 651 3345698 6625 5433 0
D 2031 464493115 671 3297724 6774 5717 0
D 2032 464320850 667 3334607 6259 5046 0
D 2033 464146485 656 3289245 6600 5360 0
D 2034 463970023 670 3238646 6031 4792 0
D 2035 463791467 675 3228984 5805 4758 0
D 2036 464277276 673 3208920 5061 4117 0
D 2037 464095932 641 3270347 7686 6272 0
D 2038 464580348 660 3235509 5585 4529 0
D 2039 463727677 678 3166978 4892 3988 0
D 2040 464209313 625 3303094 5976 4814 0
D 2041 464690949 688 3185522 5458 4356 0
D 2042 463831338 659 3287538 6016 5006 0
D 2043 464310202 646 3284175 6280 5178 0
D 2044 464117060 661 3164493 5909 4896 0
D 2045 463921845 655 3175696 5244 4219 0
D 2046 464397945 650 3146474 4550 3649 0
D 2047 464199970 651 3205454 5768 4814 0
D 2048 463999928 663 3159277 5690 4641 0
D 2050 464270478 665 3151889 5877 4844 0
D 2049 464473272 652 3160904 5648 4599 0
D 2051 464065623 638 3100510 4586 3681 0
D 2052 463858710 644 3204372 6648 5346 0
D 2053 464327935 642 3076786 5306 4295 0
D 2054 464118282 617 3159943 5054 4124 0
D 2056 463693505 643 3102884 4284 3480 0
D 2055 464586138 650 3113116 5645 4650 1
D 2057 464158629 682 3087343 5021 4160 0
D 2059 463724300 648 3093910 4893 3973 0
D 2058 464623753 657 3119149 4683 3895 0
D 2060 464186700 665 2991720 4929 4003 0
D 2061 464649100 648 3046432 4943 4003 0
D 2062 463742847 654 3064765 5551 4578 0
D 2063 464202531 661 3070875 6396 5246 0
D 2064 464662215 648 3045114 6183 5027 0
D 2065 463749182 650 3063307 4774 3895 0
D 2066 464206158 648 2988124 4601 3742 0
D 2067 463975425 634 3006034 4548 3694 0
D 2068 464431050 640 3029030 5468 4411 0
D 2070 463962162 655 3049078 4769 3920 0
D 2069 464197617 652 2966510 5019 4139 0
D 2071 464415091 643 2957940 5035 4155 0
D 2072 464176944 646 2971648 4767 3900 0
D 2073 463936781 630 2961788 4288 3559 0
D 2074 464387022 649 2917826 4981 4107 0
D 2075 464144175 643 2979778 5473 4490 0
D 2076 463899318 654 2950183 6708 5472 0
D 2077 464346879 644 2958349 4765 3777 0
D 2078 464099346 635 2980098 4772 3925 0
D 2079 464545570 615 2911743 4565 3728 0
D 2080 464295365 627 2908684 4584 3733 0
D 2081 464043159 661 2910571 5298 4349 0
D 2082 463788955 657 2816809 4191 3407 0
D 2083 464231180 635 2899199 4771 3886 0
D 2084 464673405 632 2911495 4522 3702 0
D 2085 463716123 658 2852114 3809 3088 0
D 2086 464155692 625 2853857 4630 3755 0
D 2087 464595261 615 2878585 4712 3878 1
D 2088 463631349 598 2910905 4428 3564 0
D 2089 464770671 650 2852054 3846 3086 0
D 2090 463802790 631 2842764 4222 3386 0
D 2091 464238390 623 2857797 4950 4087 0
D 2092 463969609 618 2838301 4841 3960 0
D 2093 464403890 637 2828864 4572 3701 0
D 2094 464132473 626 2780376 4378 3568 0
D 2095 463859082 656 2779669 5223 4269 0
D 2096 464290731 576 2879261 4601 3821 0
D 2097 464722380 604 2827425 4511 3692 0
D 2098 463737380 623 2753168 3622 2947 0
D 2101 463603880 614 2791983 3907 3226 0
D 2100 464595430 648 2703752 4979 4044 0
D 2099 464166405 616 2758396 4050 3318 0
D 2102 464741229 642 2724537 4064 3320 0
D 2103 463745758 592 2727892 3590 2905 0
D 2104 464170862 635 2779636 4457 3633 0
D 2105 464595966 602 2802715 5067 4164 0
D 2106 463593975 612 2762577 4053 3302 0
D 2107 464730672 602 2754924 5644 4641 0
D 2108 463724778 592 2723823 4122 3338 0
D 2109 464145979 611 2700596 4073 3341 0
D 2110 464567180 642 2682969 3446 2780 0
D 2111 464271588 647 2700605 3624 2930 0
D 2112 463974052 617 2702669 3742 2997 0
D 2113 464392661 604 2732708 3998 3250 0
D 2114 464092537 607 2685797 4004 3244 0
D 2115 463790475 560 2769962 5272 4243 0
D 2116 464206500 628 2679194 3922 3173 0
D 2117 464622525 630 2625782 4208 3450 0
D 2118 463595927 613 2663874 4475 3691 0
D 2120 463700871 641 2635902 4205 3407 0
D 2119 464731330 591 2690512 3796 3025 0
D 2121 464113035 615 2638991 4313 3525 0
D 2122 464525199 600 2580395 3843 3148 0
D 2123 464212841 591 2663623 4398 3510 0
D 2124 463898560 607 2625955 4292 3489 0
D 2125 464308160 612 2610742 3752 3070 0
D 2126 463991319 601 2594431 3804 3007 0
D 2127 464399640 611 2651436 3993 3236 0
D 2128 464080243 602 2605562 4004 3257 0
D 2129 464487287 612 2620837 4004 3255 0
D 2131 463841478 635 2659679 5434 4574 0
D 2130 464165338 623 2547720 4537 3606 0
D 2132 464245974 615 2558476 3461 2832 0
D 2133 463919570 589 2504716 3975 3264 0
D 2134 464322795 641 2468274 4138 3323 0
D 2135 464726020 612 2516539 3862 3158 0
D 2136 463663638 635 2514397 4565 3665 0
D 2137 464064327 592 2510847 3414 2769 0
D 2138 464465016 573 2488248 3172 2585 0
D 2140 464530428 586 2485996 3925 3107 0
D 2139 464131004 627 2504282 3324 2696 0
D 2141 464193888 609 2551698 4339 3539 0
D 2143 464252355 604 2520179 3668 2992 0
D 2142 463855455 626 2474625 3149 2540 0
D 2144 463911402 606 2486887 3886 3303 0
D 2145 464307043 591 2511474 3642 2972 0
D 2146 463963574 602 2528506 4409 3576 0
D 2147 464357958 597 2496559 3800 3130 0
D 2148 464011977 573 2529096 3330 2750 0
D 2150 464056617 588 2429976 3393 2737 0
D 2149 464405106 572 2473389 4054 3356 0
D 2151 464448493 607 2466907 3627 2965 0
D 2152 464097500 583 2453218 2896 2387 0
D 2153 463744632 605 2427541 3355 2696 0
D 2154 464878125 616 2462941 4185 3446 0
D 2155 463779267 582 2467165 3214 2626 0
D 2156 464167396 604 2412923 3591 2843 0
D 2157 464555525 577 2458321 3797 3063 0
D 2158 464197045 576 2452630 3779 3112 0
D 2161 463859510 584 2444331 4153 3424 0
D 2159 463836699 596 2447786 3672 2967 0
D 2160 464222340 599 2418111 3143 2516 0
D 2162 464243910 619 2373607 3476 2821 0
D 2163 464628310 619 2354822 3138 2545 0
D 2164 464262380 599 2427817 3672 3038 0
D 2165 463894593 598 2426881 3785 3110 0
D 2166 464276517 589 2441187 4065 3359 0
D 2167 463906258 621 2353168 3049 2501 0
D 2168 464286947 591 2383789 3702 3109 0
D 2169 463914220 579 2399355 3460 2803 0
D 2170 464293676 599 2344167 3540 2877 0
D 2171 464673132 627 2304465 2677 2204 0
D 2172 463542063 586 2343705 3359 2690 0
D 2173 464674935 608 2384152 3149 2551 0
D 2175 463916561 586 2355916 2813 2232 0
D 2174 464296669 590 2356614 3465 2875 0
D 2176 464292330 599 2356517 3333 2699 0
D 2177 463909770 578 2323788 3147 2567 1
D 2178 464284314 566 2402852 3257 2669 0
D 2179 463899306 583 2266883 2955 2370 0
D 2180 464272627 582 2307562 3255 2657 0
D 2181 464645948 574 2315518 3385 2767 0
D 2182 464257885 603 2309254 3237 2621 0
D 2183 463867992 591 2311661 2966 2363 0
D 2184 464238873 602 2242339 2592 2056 0
D 2185 463846544 603 2325324 3065 2447 0
D 2186 464216208 590 2261887 3227 2644 0
D 2187 464585872 573 2329213 2944 2382 0
D 2188 464190503 605 2276769 3509 2890 0
D 2189 463793313 602 2277954 3556 2885 0
D 2190 464160549 580 2255076 3375 2708 0
D 2191 464527785 578 2303500 3482 2950 0
D 2192 464127565 571 2223005 3097 2550 0
D 2193 463725530 568 2197639 2770 2262 0
D 2194 464090346 567 2279289 3726 3046 0
D 2195 464455162 582 2259689 2732 2221 0
D 2196 464050107 586 2236106 3263 2654 0
D 2197 464413716 580 2268146 2942 2429 0
D 2198 464006249 588 2270804 3313 2716 0
D 2200 463958778 584 2202306 2906 2398 0
D 2199 464368653 596 2214939 2838 2302 0
D 2201 464319979 579 2243045 3585 2874 0
D 2202 463907700 596 2184614 2769 2233 0
D 2203 464267700 591 2262060 3477 2880 0
D 2206 463795345 589 2176306 2853 2311 0
D 2204 464627700 569 2224353 3025 2457 0
D 2205 464212421 598 2206079 3059 2504 0
D 2207 464152949 593 2193019 2413 1955 0
D 2208 464510553 570 2172652 2964 2420 0
D 2210 464446896 574 2134532 3840 3094 0
D 2209 464090487 579 2178485 3076 2496 0
D 2211 464024442 563 2147962 3440 2758 0
D 2212 463600200 552 2173668 3610 2942 0
D 2213 464734278 585 2136541 2982 2403 0
D 2214 464308845 580 2190504 2688 2157 0
D 2215 463881627 581 2185381 2546 2075 0
D 2216 464234463 575 2156687 2882 2319 0
D 2217 463804869 573 2148346 2523 2078 0
D 2218 464156518 592 2175394 3087 2509 0
D 2219 464508167 596 2099830 3093 2519 0
D 2220 464075608 575 2151404 2919 2325 0
D 2221 464426072 551 2195745 3263 2621 0
D 2222 463991145 587 2065437 2206 1775 0
D 2223 464340426 569 2113743 2590 2054 0
D 2224 463903135 582 2156560 3702 3114 0
D 2225 464251235 576 2067005 3158 2560 0
D 2226 464599335 550 2116976 2655 2175 0
D 2227 464159094 559 2126856 3089 2497 0
D 2228 463717086 559 2130174 3272 2643 0
D 2229 464062830 575 2101371 3135 2521 0
D 2230 464408574 555 2112906 2814 2258 0
D 2231 463963626 559 2133855 3208 2655 0
D 2233 463860899 545 2108962 3281 2614 0
D 2232 464308195 591 2080125 2664 2174 0
D 2234 464204295 562 2092932 2729 2232 0
D 2235 464547691 578 2081185 2970 2385 0
D 2236 464097465 565 2073329 2461 2030 0
D 2237 464439690 565 2065414 2537 2059 0
D 2238 463987124 564 2066194 2383 1933 0
D 2239 464328180 556 2067683 3020 2428 0
D 2240 463873278 566 2022033 2506 1991 0
D 2241 464213167 566 2042949 2888 2340 0
D 2242 464553056 533 2065871 3502 2802 0
D 2243 464095239 556 2057156 2178 1746 0
D 2244 463635676 568 2043707 2994 2366 0
D 2245 464772105 559 2027200 2656 2181 0
D 2246 464311379 567 2031091 2499 2030 0
D 2247 463848910 544 2085527 3428 2804 0
D 2248 464185310 558 2074682 4714 3958 0
D 2251 463589235 558 2029723 2915 2390 0
D 2249 464521710 554 2015169 2735 2240 0
D 2250 464056341 591 2003880 2824 2287 0
D 2252 464726244 567 2029376 2610 2136 0
D 2253 464257981 571 1987067 2507 2018 0
D 2254 463787984 556 1976143 2696 2196 0
D 2255 464120913 579 1999600 2782 2284 0
D 2256 464453842 571 1960734 2567 2077 0
D 2257 463980960 554 1980900 2977 2386 0
D 2258 464312736 597 1960629 2268 1839 0
D 2259 463837550 564 1947077 2497 2030 0
D 2260 464168175 575 1983537 2491 2069 0
D 2261 464498800 569 1932552 1999 1634 0
D 2263 464350215 541 1980487 2897 2371 0
D 2262 464020739 571 1954448 2573 2108 0
D 2264 463869858 573 1963132 2991 2451 0
D 2265 464198187 554 1993648 2939 2419 0
D 2266 464526516 555 1932754 2342 1878 1
D 2267 464043294 571 1951934 3080 2510 0
D 2268 464370478 546 1948120 2754 2279 0
D 2269 463884968 517 1962774 2510 1996 0
D 2270 464211009 565 1914767 2352 1868 0
D 2271 464537050 548 1994620 2749 2294 0
D 2272 464048685 559 1944603 3072 2503 0
D 2273 464373585 554 1920350 2042 1631 0
D 2274 463882940 539 1928904 3244 2627 0
D 2275 464206701 559 1912740 2443 1953 0
D 2276 463713780 549 1909161 2276 1823 0
D 2277 464853654 567 1924670 2137 1704 0
D 2278 463541778 557 1918350 2460 1991 0
D 2279 464681652 554 1923456 2501 1988 0
D 2281 463687293 550 1875565 2139 1743 0
D 2280 464185323 566 1929291 2434 2000 0
D 2282 464827734 542 1905903 2358 1920 0
D 2283 463507920 554 1930054 2485 2064 0
D 2284 464648361 516 1932342 2346 1911 0
D 2285 464146935 559 1934139 2204 1765 0
D 2286 464466160 546 1877738 2368 1905 0
D 2287 463962474 546 1885282 2504 2046 0
D 2288 464280570 567 1878319 2200 1802 0
D 2289 463774628 553 1843937 1975 1604 0
D 2290 464091597 544 1850700 2026 1662 0
D 2292 463899809 546 1842530 2188 1747 0
D 2293 464215653 557 1833525 2242 1852 0
D 2291 464408566 580 1902931 2074 1696 0
D 2294 464531497 546 1889661 2305 1901 0
D 2295 464019930 565 1814774 2243 1806 0
D 2296 464334651 557 1846484 2405 1951 0
D 2297 463820840 519 1866872 2677 2210 0
D 2298 464134440 538 1879263 2941 2382 0
D 2299 464448040 495 1895476 2335 1906 0
D 2300 463931429 558 1797698 2593 2144 0
D 2301 464243910 579 1823019 2335 1883 0
D 2302 464556391 549 1807030 2329 1850 0
D 2303 464036985 530 1838663 2531 2079 0
D 2304 464348349 532 1869189 2460 2007 0
D 2305 463826711 543 1856944 2242 1787 0
D 2306 464136960 521 1812777 2427 1885 0
D 2307 464447209 561 1811717 2422 1972 0
D 2308 463922786 531 1836703 2244 1795 0
D 2309 464231922 547 1819653 2024 1660 0
D 2310 464541058 555 1788756 1947 1575 0
D 2311 464013855 503 1840624 2585 2148 0
D 2312 464321880 548 1791602 1881 1544 0
D 2313 463792457 549 1780716 1957 1570 0
D 2314 464099373 567 1777110 1960 1556 0
D 2315 464406289 530 1859542 2225 1837 0
D 2316 463874096 548 1778293 2071 1673 0
D 2317 464179905 522 1761507 2429 1955 0
D 2318 464485714 516 1826210 2279 1854 0
D 2319 463950756 561 1790618 2198 1772 0
D 2320 464255460 551 1751430 1798 1466 0
D 2321 464560164 526 1756272 2135 1762 0
D 2323 464326047 556 1758738 2453 2015 0
D 2322 464022446 529 1769550 1903 1537 0
D 2324 463786125 534 1738324 1871 1507 0
D 2325 464088625 558 1758510 2187 1784 0
D 2326 464391125 578 1735085 1993 1587 0
D 2327 463848453 550 1764710 2074 1702 0
D 2328 464149854 533 1734360 1752 1447 0
D 2330 463905838 531 1767953 1900 1519 0
D 2329 464451255 552 1733896 2006 1647 0
D 2331 464206142 550 1732586 1709 1369 0
D 2332 464506446 536 1729463 2268 1863 0
D 2333 463958289 551 1721158 1829 1460 0
D 2334 464257498 568 1732075 1723 1399 0
D 2335 464556707 537 1739185 2139 1769 0
D 2336 464005815 529 1751030 1941 1550 0
D 2337 464303931 558 1712785 2515 2066 0
D 2338 463750855 541 1726574 1786 1467 0
D 2339 464047880 558 1703372 2453 2004 0
D 2340 464344905 549 1683144 1703 1376 0
D 2341 464641930 520 1732257 2401 1861 0
D 2342 464085584 548 1698311 2609 2111 0
D 2343 464381520 513 1737529 1945 1571 0
D 2344 463822998 520 1700336 2272 1891 0
D 2345 464117847 508 1685108 2034 1635 0
D 2346 464412696 533 1741275 2827 2236 0
D 2347 463851459 536 1660013 1618 1309 0
D 2348 464145223 543 1677169 2081 1614 0
D 2349 464438987 527 1694651 1848 1529 0
D 2351 464167721 544 1676225 2170 1670 0
D 2350 463875040 526 1710165 2150 1799 0
D 2352 464460402 532 1649910 1539 1252 0
D 2353 463893750 536 1688592 1867 1493 0
D 2354 464185350 533 1661503 2053 1669 0
D 2355 464476950 519 1663295 1525 1242 0
D 2356 463907598 532 1660741 1717 1374 0
D 2357 464198119 538 1659632 2056 1646 0
D 2358 464488640 556 1626143 1572 1254 0
D 2360 464206037 513 1673670 1980 1566 0
D 2359 463916593 526 1684011 1892 1530 0
D 2361 464495481 530 1618166 1518 1216 0
D 2362 463920744 529 1677434 1932 1599 0
D 2363 464209113 524 1682326 2148 1754 0
D 2364 464497482 540 1617255 1620 1333 0
D 2365 463920060 528 1664144 1685 1348 0
D 2366 464207356 507 1670021 2118 1759 0
D 2367 464494652 519 1634522 1966 1579 0
D 2368 463914550 510 1638263 1962 1588 0
D 2369 464200775 529 1682641 2120 1698 0
D 2370 463618533 526 1656590 2038 1694 0
D 2371 464772690 517 1643877 2357 1859 0
D 2372 464189379 510 1666258 2838 2395 0
D 2373 463604466 547 1642378 1830 1481 0
D 2374 464759157 540 1593649 1197 947 0
D 2375 464173177 522 1643322 2270 1861 0
D 2376 463585598 541 1597098 1716 1399 0
D 2377 464740822 541 1614181 1700 1411 0
D 2378 464152178 533 1653098 2686 2197 0
D 2379 464435202 513 1628291 1778 1440 0
D 2380 463844430 510 1613448 2208 1823 0
D 2382 464408352 515 1657597 2709 2210 0
D 2381 464126391 524 1589044 2055 1665 0
D 2383 463814925 553 1546411 1747 1372 0
D 2384 464095825 529 1628560 2167 1767 0
D 2385 464376725 527 1572736 1662 1396 0
D 2386 463780648 539 1569021 1878 1530 0
D 2387 464937995 500 1576162 1776 1446 0
D 2388 463462824 514 1639080 1784 1441 0
D 2390 464020920 521 1555355 1971 1584 0
D 2389 464620171 479 1614735 2172 1813 0
D 2391 464299704 512 1558338 1578 1322 0
D 2392 463698341 527 1565079 2008 1604 0
D 2393 464856744 529 1559090 1825 1462 0
D 2394 464254326 528 1583523 1916 1593 0
D 2395 463650327 532 1563923 1724 1401 0
D 2396 464809257 536 1572980 1914 1561 0
D 2397 463321425 521 1578887 1738 1403 0
D 2398 464480355 533 1585687 1575 1320 0
D 2399 463873200 507 1562911 1442 1190 0
D 2400 465033181 506 1564765 1944 1593 0
D 2401 463540094 519 1514975 1865 1510 0
D 2402 464700075 501 1596527 1685 1404 0
D 2403 464089770 531 1526804 1656 1289 0
D 2404 464364346 535 1557565 2015 1612 0
D 2405 463751945 545 1514696 1623 1331 0
D 2406 464025474 523 1504262 1469 1194 0
D 2407 464299003 519 1519231 1805 1472 0
D 2408 464572532 513 1521363 1578 1273 0
D 2409 463956993 513 1556073 1644 1333 0
D 2410 464229477 531 1511284 1543 1268 0
D 2411 463611850 525 1509715 1832 1489 0
D 2412 464773923 514 1536229 1686 1384 0
D 2413 464155253 523 1561411 1711 1387 0
D 2414 464426694 524 1549162 1872 1513 0
D 2415 463805940 511 1512356 1432 1195 0
D 2416 464076340 503 1559628 1839 1546 0
D 2417 464346740 521 1512889 1553 1243 0
D 2418 463723386 520 1482227 1373 1100 0
D 2420 463367835 533 1521242 1535 1229 0
D 2419 464887020 518 1552137 1624 1331 0
D 2421 464531469 498 1517958 1593 1298 0
D 2422 463905001 515 1530377 1651 1350 0
D 2423 464173325 507 1498826 1641 1297 0
D 2424 464441649 503 1510222 1590 1312 0
D 2425 464709973 525 1539933 2037 1666 0
D 2426 464080397 511 1455125 1362 1076 0
D 2427 463449270 491 1501549 1598 1323 0
D 2428 464614458 500 1475554 1471 1183 0
D 2429 463982298 513 1505058 1864 1539 0
D 2430 464248554 515 1502032 1507 1226 0
D 2431 464514810 504 1472056 1382 1117 0
D 2433 464145295 528 1481121 1639 1340 0
D 2432 463880070 523 1445463 1437 1177 0
D 2434 464410520 500 1459138 1503 1185 0
D 2435 463773205 535 1454852 1649 1390 0
D 2436 464037401 498 1450850 1367 1115 0
D 2437 464301597 491 1494586 1346 1110 0
D 2438 464565793 503 1448814 1366 1097 0
D 2439 463925394 523 1453805 1348 1110 0
D 2440 464188563 493 1448192 1428 1135 0
D 2442 463808768 539 1431798 1747 1399 0
D 2441 464451732 508 1486130 1377 1129 0
D 2443 464070912 493 1444479 1681 1364 0
D 2444 464333056 523 1458386 1851 1551 0
D 2445 464595200 492 1462726 1516 1241 0
D 2446 463949164 509 1444271 1906 1510 0
D 2447 464210285 509 1449203 1770 1482 0
D 2448 464471406 468 1478365 1319 1075 0
D 2449 463822815 506 1387326 1466 1191 0
D 2451 464343015 500 1459774 1756 1435 0
D 2450 464082915 505 1410216 1306 1060 0
D 2452 463691874 527 1470206 1854 1457 0
D 2453 464862705 512 1384043 1029 839 0
D 2454 464210545 480 1469249 1641 1346 0
D 2455 463556858 505 1432421 1325 1067 0
D 2456 464728198 490 1408123 1552 1246 0
D 2457 464073494 483 1405128 1374 1102 0
D 2458 464331558 490 1427109 1383 1140 0
D 2459 463674822 522 1420615 1545 1250 0
D 2460 464847178 516 1417800 1402 1143 0
D 2461 464189427 508 1407847 1236 1015 0
D 2462 463530155 485 1448505 1323 1097 0
D 2463 464703018 493 1442580 1340 1072 0
D 2464 464042733 481 1406373 1563 1235 0
D 2465 464298769 521 1390630 1374 1120 0
D 2466 463636460 487 1450438 1624 1347 0
D 2467 464810335 516 1407479 1130 930 0
D 2468 464147015 509 1392968 1282 1032 0
D 2469 463482180 511 1369158 1627 1334 0
D 2470 464656560 497 1402457 1292 1064 0
D 2471 463990716 483 1415346 1261 1037 0
D 2472 464244732 486 1388540 1576 1298 0
D 2473 464498748 501 1360658 1517 1220 0
D 2474 463830384 504 1373281 1195 957 0
D 2475 464083393 494 1398760 1549 1290 0
D 2476 464336402 476 1383909 1300 1031 0
D 2477 464589411 537 1366144 1159 936 0
D 2478 463918029 502 1393041 1477 1238 0
D 2479 464170033 489 1435360 1426 1182 0
D 2481 463748145 492 1380110 1828 1520 0
D 2480 464422037 490 1380509 1674 1351 0
D 2482 463999146 500 1410852 1663 1391 0
D 2483 464250147 496 1369666 1482 1250 0
D 2484 464501148 501 1357229 1438 1176 0
D 2485 463824250 487 1400747 1820 1483 0
D 2486 464074250 495 1357749 1447 1143 0
D 2487 464324250 496 1341946 1386 1084 0
D 2488 464574250 491 1356118 1443 1168 0
D 2489 463894352 519 1393811 1668 1340 0
D 2490 464143353 500 1366056 1257 1024 0
D 2491 464392354 482 1332699 1314 1076 0
D 2492 463709961 509 1295492 1000 793 0
D 2493 464889857 516 1382528 1477 1211 0
D 2494 464206467 508 1322760 1374 1112 0
D 2495 463521583 499 1326612 1508 1214 0
D 2496 464701977 493 1366700 1499 1218 0
D 2497 464016098 469 1377352 2173 1728 0
D 2498 464263107 485 1329199 1312 1045 0
D 2499 463575240 500 1334318 1505 1216 0
D 2500 464756628 475 1330803 1527 1213 0
D 2502 464313784 495 1337226 997 809 0
D 2501 464067768 488 1310411 1237 1041 0
D 2503 463622940 473 1366688 1419 1186 0
D 2504 464805320 499 1318720 1199 1004 0
D 2505 464113485 486 1344290 1212 1007 0
D 2506 464358510 492 1314269 1576 1263 0
D 2507 463664695 495 1293005 1459 1217 0
D 2508 463908731 508 1292501 1329 1077 0
D 2509 464152767 472 1311121 1378 1100 0
D 2510 464396803 487 1333973 1406 1143 0
D 2511 464640839 494 1333424 1180 979 0
D 2512 463943566 499 1320262 1215 965 0
D 2513 464186615 507 1330281 1249 1055 0
D 2514 464429664 513 1288195 1130 902 0
D 2515 463729926 488 1292486 1236 984 0
D 2516 463971990 485 1307033 1179 968 0
D 2517 464214054 487 1344877 1649 1394 0
D 2518 464456118 490 1302719 1236 1009 0
D 2519 463753428 493 1277207 1475 1196 0
D 2521 464236081 501 1316313 1685 1353 0
D 2520 464939754 483 1277664 1116 905 0
D 2522 463530935 476 1312575 1552 1276 0
D 2523 464717752 480 1306863 1270 1004 0
D 2524 464011625 488 1284431 1286 1019 0
D 2525 464251725 467 1326084 1554 1276 0
D 2526 463543638 483 1296769 1280 1037 0
D 2527 464731435 509 1287614 1129 911 0
D 2528 464022369 459 1282690 1593 1335 0
D 2529 464261490 491 1303360 1232 998 0
D 2530 464500611 497 1297096 1602 1317 0
D 2531 463789100 499 1294888 993 810 0
D 2532 464027244 493 1241535 1238 1020 0
D 2533 464265388 480 1256944 1123 909 0
D 2534 464503532 483 1279358 1205 971 0
D 2536 464026262 494 1264477 1257 999 0
D 2535 463789093 498 1259735 1273 1050 0
D 2537 464263431 479 1258593 986 797 0
D 2538 464500600 476 1266761 1219 983 0
D 2539 463783239 484 1261600 1199 988 0
D 2541 463300615 479 1263322 939 763 0
D 2540 464974451 516 1234743 1162 969 0
D 2542 464491827 500 1273794 1375 1115 0
D 2543 464728023 495 1278499 952 797 0
D 2544 464007260 469 1255810 1055 841 0
D 2545 464242485 503 1252235 1006 816 0
D 2546 463519782 490 1265073 1148 899 0
D 2547 464712450 472 1274322 1110 913 0
D 2548 463988778 485 1264199 1336 1080 0
D 2550 464457290 490 1283340 1307 1060 0
D 2549 464223034 492 1271726 1419 1171 0
D 2551 463731198 479 1245117 1315 1071 0
D 2553 464197776 506 1246348 1207 993 0
D 2552 463964487 460 1294662 1613 1327 0
D 2554 464431065 488 1234723 1071 856 0
D 2555 464664354 486 1254558 1428 1156 0
D 2556 463934881 481 1195213 1155 958 0
D 2557 464167205 470 1248287 1600 1307 0
D 2558 464399529 487 1247163 1315 1057 0
D 2559 463667646 483 1232567 1641 1362 0
D 2560 463899007 482 1258632 1363 1129 0
D 2561 464130368 492 1268566 1260 1035 0
D 2562 464361729 499 1203076 1207 955 0
D 2563 464593090 462 1248119 1195 983 0
D 2564 463857840 461 1235880 1202 985 0
D 2565 464088240 466 1183651 1001 814 0
D 2566 464318640 474 1241016 1110 914 0
D 2567 464549040 500 1238163 1249 1006 0
D 2568 463810910 502 1205556 1204 975 0
D 2569 464040351 456 1216379 1119 908 0
D 2570 464269792 502 1202730 1203 990 0
D 2571 464499233 479 1194667 1182 964 0
D 2572 463758229 462 1175813 1064 823 0
D 2573 463986713 478 1234580 1220 1000 0
D 2574 464215197 484 1252283 1333 1096 0
D 2575 464443681 493 1227051 1096 928 0
D 2576 464672165 483 1215930 1061 887 0
D 2577 463927815 488 1219736 1098 873 0
D 2578 464155344 468 1265209 1443 1144 0
D 2579 464382873 476 1208466 1162 961 0
D 2581 464837454 483 1211532 1213 994 0
D 2580 463636138 464 1212815 1256 989 0
D 2583 464316342 467 1195873 1033 841 0
D 2582 464089766 475 1187481 1015 831 0
D 2584 463566750 460 1193740 1044 853 0
D 2585 464769018 488 1179094 895 728 0
D 2586 464018475 490 1181014 963 790 0
D 2587 464244100 457 1238809 1156 964 0
D 2588 463491657 469 1196103 1312 1076 0
D 2589 464694875 481 1169119 830 664 0
D 2590 463941483 467 1167728 1033 828 0
D 2591 464166159 490 1199541 1258 1016 0
D 2592 464390835 491 1188838 1549 1234 0
D 2593 463635073 461 1169447 1099 895 0
D 2594 464839713 494 1137116 943 767 0
D 2595 464083004 472 1211242 947 769 0
D 2596 464306733 477 1191610 1150 933 0
D 2597 463548132 468 1171987 1060 858 0
D 2598 464753718 485 1156000 1002 807 0
D 2599 463994172 486 1184900 1028 842 0
D 2600 464216956 479 1144827 1157 945 0
D 2602 463677834 487 1178568 1105 904 1
D 2601 464439740 485 1148915 1064 888 0
D 2603 463899675 483 1126319 1168 926 0
D 2604 465107148 484 1177622 1242 1052 0
D 2605 463357725 466 1186217 1091 893 0
D 2606 464565198 461 1181489 968 759 0
D 2607 463799995 482 1160997 1093 891 0
D 2608 464020895 466 1187731 1019 819 0
D 2610 464462695 483 1182862 1249 1031 0
D 2609 464241795 467 1164575 1520 1260 0
D 2611 464683595 455 1177833 1017 823 0
D 2612 463915102 456 1156841 1169 965 0
D 2613 464135063 492 1133691 955 744 0
D 2614 464355024 455 1136978 994 783 0
D 2615 463584186 472 1162326 1147 922 0
D 2616 464794477 482 1116451 1039 844 0
D 2617 464022702 485 1176684 1624 1338 0
D 2618 464241726 467 1134956 988 815 0
D 2619 464460750 458 1159326 1096 879 0
D 2620 463686635 486 1126965 1033 842 0
D 2621 463904724 453 1168336 1203 1000 0
D 2622 464122813 480 1101239 944 763 0
D 2623 464340902 455 1136392 1434 1148 0
D 2624 464558991 461 1130926 1290 1077 0
D 2625 463781607 483 1143842 1107 922 0
D 2626 463998763 475 1164724 952 803 0
D 2627 464215919 467 1126358 940 767 0
D 2628 464433075 458 1156841 1190 928 0
D 2629 464650231 466 1116445 931 759 0
D 2630 463869585 450 1151614 1132 905 0
D 2631 464085810 463 1138166 960 796 0
D 2632 464302035 464 1130179 1090 872 0
D 2633 464518260 460 1125659 1033 833 0
D 2634 463734824 482 1095070 1016 812 0
D 2635 463950120 443 1151101 976 790 0
D 2636 464165416 456 1117640 868 703 0
D 2637 464380712 472 1129920 1529 1270 0
D 2638 464596008 466 1099372 1069 880 0
D 2639 463809324 456 1123461 1087 886 0
D 2640 464023693 477 1115226 988 832 0
D 2641 464238062 444 1110134 1112 911 0
D 2642 464452431 481 1113605 1011 853 0
D 2643 463662969 437 1141400 1014 834 0
D 2644 464880706 479 1074234 927 747 0
D 2645 464090319 464 1112551 1066 880 0
D 2646 464303763 443 1155137 1358 1101 0
D 2647 463511528 456 1061512 828 658 0
D 2648 464730189 472 1115455 951 769 0
D 2650 464149552 448 1093002 1128 936 0
D 2649 463937031 470 1093699 1009 838 0
D 2651 464362073 464 1070813 1043 852 0
D 2652 463566610 460 1084978 964 810 0
D 2653 464786654 450 1128352 1154 933 0
D 2654 463990270 468 1092129 776 630 0
D 2655 464201870 453 1097020 1091 895 0
D 2656 464413470 438 1145800 1298 1081 0
D 2657 463614786 464 1082202 938 774 0
D 2658 464836210 462 1082274 900 715 0
D 2659 464036607 458 1093996 933 757 0
D 2661 463445849 475 1081363 924 773 0
D 2660 464247288 498 1057340 962 789 0
D 2662 464668191 469 1087598 982 794 0
D 2663 463865835 438 1096856 1087 822 0
D 2664 464075599 452 1071645 1078 897 0
D 2665 464285363 444 1080247 1174 972 0
D 2666 464495127 464 1098588 992 800 0
D 2667 463690023 471 1082970 1091 896 0
D 2668 464914197 469 1070171 896 710 0
D 2669 464108178 471 1052970 753 612 0
D 2670 464317027 463 1038384 929 734 0
D 2671 463509180 443 1082250 727 574 0
D 2672 464734268 488 1050454 1181 951 0
D 2673 463925508 465 1087846 1311 1067 0
D 2674 464133444 473 1063091 966 781 0
D 2675 464341380 437 1077727 1106 884 0
D 2676 464549316 464 1078004 1038 852 0
D 2677 463737820 448 1111132 958 784 0
D 2678 463944845 456 1076632 1132 920 0
D 2679 464151870 465 1044503 918 743 0
D 2680 464358895 477 1084404 1246 1009 0
D 2681 464565920 453 1052078 947 756 0
D 2682 463751239 459 1068590 1062 888 0
D 2683 463957355 470 1055139 886 686 0
D 2684 464163471 459 1037395 762 616 0
D 2685 464369587 455 1025948 839 672 0
D 2686 464575703 443 1053032 787 632 0
D 2687 463757844 471 1034223 816 666 0
D 2689 464168262 430 1067240 1021 864 0
D 2688 463963053 476 1054235 729 593 0
D 2691 464578680 437 1062088 868 704 0
D 2690 464373471 484 1012831 814 657 0
D 2692 463757650 436 1066946 1199 984 0
D 2693 463961954 402 1072142 1279 1043 0
D 2694 464166258 462 1049364 901 722 0
D 2695 464370562 427 1055590 1139 950 0
D 2696 464574866 462 1029263 919 747 0
D 2697 463750672 448 1058161 1014 823 0
D 2698 464983022 457 1065227 1157 937 0
D 2699 464157925 463 1016249 727 571 0
D 2700 463331475 446 1035673 738 606 0
D 2701 464564276 454 1053871 1183 988 0
D 2702 463736925 479 1009302 1107 920 0
D 2703 464970627 459 1063650 957 780 0
D 2704 464142375 467 983939 775 645 0
D 2705 464344875 435 1054905 1159 913 0
D 2706 463514823 433 1036862 992 810 0
D 2707 464749425 452 1008983 684 546 0
D 2708 463918474 452 1050411 916 750 0
D 2710 464321676 450 1032524 954 775 0
D 2709 464120075 463 1059036 1052 900 0
D 2711 463488480 437 1017197 1131 906 0
D 2712 464724429 473 1009632 786 635 0
D 2713 463890336 460 1037117 764 608 0
D 2714 464091040 436 1033761 842 678 0
D 2715 464291744 453 1005001 737 589 0
D 2716 464492448 447 976291 732 584 0
D 2717 463655667 441 1045321 975 817 0
D 2718 464893408 452 1032177 955 781 0
D 2719 464055732 441 1045724 934 749 0
D 2720 464255541 459 955205 604 497 0
D 2721 463416077 452 1000361 796 632 0
D 2722 464654712 439 1016070 730 596 0
D 2723 463814355 446 990511 927 751 0
D 2724 465053883 453 1037815 975 812 0
D 2725 464212633 453 984298 802 648 0
D 2726 463370045 476 1018587 783 646 0
D 2727 464610019 445 1006842 1015 827 0
D 2728 463766540 410 991732 829 660 0
D 2729 463964565 472 1002424 980 797 0
D 2730 464162590 475 986200 898 724 0
D 2732 464558640 441 1022258 1035 850 0
D 2731 464360615 452 988307 826 654 0
D 2733 463712046 442 972343 831 673 0
D 2734 464954245 426 993900 834 685 0
D 2735 464106762 474 960728 772 637 0
D 2736 464303898 453 998948 846 702 0
D 2737 463454639 437 1031025 964 801 0
D 2738 464697726 460 992960 811 645 0
D 2739 463847580 437 1001390 835 702 0
D 2740 464043829 447 996168 1057 844 0
D 2741 464240078 440 1018815 958 804 0
D 2742 464436327 445 959615 699 541 0
D 2743 464632576 428 1007656 1056 866 0
D 2744 463779329 460 994154 1116 957 0
D 2745 463974693 445 983537 839 683 0
D 2746 464170057 438 996054 778 627 0
D 2747 464365421 459 974225 995 788 0
D 2749 463704444 439 993721 969 823 0
D 2748 464560785 449 958686 793 650 0
D 2750 463898925 466 963598 752 603 0
D 2751 464093406 431 985214 981 829 0
D 2752 464287887 476 966564 826 677 0
D 2753 464482368 441 982585 900 736 0
D 2754 464676849 447 984961 1035 822 0
D 2755 463816980 442 959197 669 557 0
D 2756 464010580 453 948679 830 677 0
D 2757 464204180 427 982582 1068 884 0
D 2758 464397780 456 989537 884 719 0
D 2759 463535271 445 985075 795 659 0
D 2761 463921152 431 967809 773 612 0
D 2762 464113873 451 956106 691 571 0
D 2760 464784540 420 1000650 1069 867 0
D 2763 464306594 432 989964 806 646 0
D 2764 464499315 462 964986 846 679 0
D 2765 463633293 440 964299 803 638 0
D 2766 464884318 438 946458 886 732 0
D 2767 464017419 442 948673 623 518 0
D 2768 464209263 425 987470 824 675 0
D 2769 463340612 447 919996 585 478 0
D 2771 463722987 431 940618 739 592 0
D 2770 464592513 447 946637 794 615 0
D 2772 464975763 430 962939 790 638 0
D 2773 464105362 421 966300 958 808 0
D 2774 464296331 460 926380 806 643 0
D 2775 463424182 444 930707 821 657 0
D 2776 464677832 462 934147 774 630 0
D 2777 463804810 452 923577 791 618 0
D 2778 463994906 428 970447 880 743 0
D 2779 464185002 447 941482 717 609 0
D 2780 464375098 429 957488 699 574 0
D 2781 464565194 443 932860 824 655 0
D 2782 463689120 436 957044 766 633 0
D 2783 464944950 439 930082 1060 862 0
D 2784 464068005 444 964011 797 643 0
D 2785 464257230 447 943871 800 663 0
D 2786 463378545 422 939269 857 674 0
D 2787 464635245 427 959406 796 638 0
D 2788 463755691 449 933601 685 536 0
D 2789 465013260 429 928866 879 712 0
D 2790 464132837 437 960380 767 620 0
D 2792 463439034 451 937458 837 677 0
D 2791 464321193 445 944971 857 699 0
D 2793 464697471 428 942071 776 617 0
D 2794 463814445 451 951195 979 767 0
D 2795 464001934 460 926591 661 531 0
D 2796 464189423 439 955654 1091 872 0
D 2797 464376912 452 920792 609 486 0
D 2798 464564401 448 923191 691 598 0
D 2799 463678344 452 897469 549 448 0
D 2800 463864968 424 942086 686 558 0
D 2802 464238648 436 940696 1026 826 0
D 2801 465126002 449 903521 815 655 0
D 2803 463349998 432 914509 740 621 0
D 2805 463721951 437 945601 855 690 0
D 2804 464611464 466 911858 748 605 0
D 2806 464984280 449 924578 863 737 0
D 2807 464093904 434 913127 730 587 0
D 2808 464279665 449 912711 905 746 0
D 2809 463387565 432 922545 732 588 0
D 2810 464650756 420 921624 723 579 0
D 2811 463757795 461 903436 704 565 0
D 2812 463942695 425 878436 694 576 0
D 2813 465207177 457 945606 1284 1058 0
D 2814 463232913 430 895746 783 633 0
D 2815 464497395 439 894447 550 432 0
D 2816 464682295 412 918352 715 585 0
D 2817 463785894 432 913367 896 745 0
D 2818 463969935 440 892484 693 558 0
D 2819 464153976 433 898056 767 592 0
D 2821 464522058 441 908353 709 600 0
D 2820 464338017 414 900963 660 530 0
D 2822 463622654 410 922710 787 659 0
D 2823 464889711 439 905177 800 659 0
D 2824 463989450 416 908789 814 663 0
D 2825 464172634 420 911178 630 496 0
D 2826 464355818 431 907049 795 640 0
D 2827 463453417 414 881244 569 478 0
D 2828 464721758 429 909772 632 531 0
D 2829 463818502 420 922224 778 649 0
D 2830 464000831 440 890148 644 534 0
D 2833 464547818 448 880243 774 634 0
D 2831 464183160 435 925497 797 671 0
D 2832 464365489 422 892499 640 533 0
D 2834 463641573 421 894188 849 698 0
D 2835 464912049 444 884223 906 753 0
D 2836 464004951 424 926946 681 556 0
D 2837 464186427 455 878877 758 610 0
D 2839 463458675 446 849484 639 504 0
D 2838 464367903 418 897804 703 574 0
D 2840 464730429 429 901939 774 622 0
D 2841 463820350 422 891933 882 709 0
D 2842 464000975 428 904146 751 625 0
D 2843 464181600 422 882098 769 603 0
D 2844 464362225 446 861033 662 529 0
D 2845 464542850 420 890282 764 626 0
D 2846 463629796 435 886960 706 564 0
D 2847 464903675 444 880919 872 713 0
D 2848 463989772 433 894209 877 699 0
D 2849 464169548 442 855161 662 530 0
D 2850 464349324 414 859461 663 557 0
D 2851 463433301 423 864622 780 616 0
D 2852 464708452 420 877767 725 599 0
D 2853 463791582 423 860641 936 764 0
D 2854 463970511 434 857566 586 478 0
D 2855 464149440 429 872937 916 707 0
D 2856 464328369 431 872016 916 779 0
D 2857 464507298 438 869303 565 449 0
D 2858 463587467 421 859702 748 602 0
D 2859 464864733 424 903283 816 664 0
D 2860 463944057 405 919008 985 798 0
D 2861 464122141 416 882529 870 712 0
D 2863 464478309 454 869135 747 618 0
D 2862 464300225 450 841251 637 513 0
D 2866 463910004 424 868460 696 570 0
D 2864 463555101 414 889445 803 661 0
D 2865 464834055 433 879931 637 524 0
D 2867 464087245 434 867832 677 551 0
D 2869 464441727 434 894262 707 556 0
D 2868 464264486 425 865561 659 539 0
D 2870 463515150 402 851261 718 566 0
D 2871 464795788 398 901201 777 641 0
D 2872 463868370 439 853229 567 461 0
D 2873 464044770 426 858932 670 560 0
D 2875 464397570 413 857759 671 549 0
D 2874 464221170 420 835155 592 486 0
D 2876 464573970 425 864078 691 573 0
D 2877 463643612 403 857537 565 449 0
D 2878 463819173 416 865048 551 456 0
D 2879 465102330 427 850176 628 521 0
D 2880 464170714 426 870961 636 521 0
D 2881 463237841 423 861290 728 577 0
D 2882 464521417 424 851366 635 525 0
D 2883 464696978 425 842355 568 461 0
D 2884 463762849 415 845085 523 427 0
D 2885 463937573 423 842922 664 556 0
D 2886 464112297 423 858721 599 461 0
D 2887 464287021 436 862623 709 570 0
D 2888 464461745 433 853057 575 485 0
D 2889 464636469 437 815820 419 330 0
D 2890 463698996 433 865175 811 681 0
D 2891 463872885 395 855784 598 503 0
D 2892 464046774 424 874697 781 658 0
D 2893 464220663 448 825059 609 495 0
D 2895 464568441 420 853334 643 529 0
D 2894 464394552 432 846093 859 672 0
D 2896 463627632 413 838961 633 531 0
D 2897 464915802 433 819087 538 443 0
D 2899 464147216 432 856761 606 503 0
D 2898 463974160 398 819593 591 482 0
D 2900 464320272 432 839555 609 499 0
D 2901 463376550 415 821408 629 525 0
D 2902 464665968 446 818751 465 387 0
D 2903 463721415 412 819404 665 572 0
D 2905 464066280 414 842989 639 518 0
D 2904 465011664 420 859432 648 524 0
D 2906 464238505 408 828597 714 589 0
D 2907 463291461 421 839011 569 430 0
D 2908 464582540 416 828402 628 505 0
D 2909 464754765 432 829247 638 508 0
D 2910 463806477 437 820544 552 450 0
D 2911 463977873 423 811825 608 504 0
D 2912 464149269 418 808445 480 380 0
D 2913 464320665 423 795826 483 403 0
D 2914 464492061 414 844473 805 665 0
D 2915 463540875 388 834525 931 756 0
D 2916 464834439 418 816859 519 425 0
D 2917 463882426 422 814485 775 654 0
D 2918 464052995 425 801220 624 527 0
D 2919 464223564 441 821845 648 532 0
D 2922 463609798 414 832780 643 520 0
D 2921 464564702 431 853378 921 783 0
D 2920 464394133 425 820708 539 434 0
D 2923 463779542 415 812060 573 452 0
D 2924 465075583 407 837119 977 798 0
D 2925 464119442 406 841212 617 480 0
D 2926 464289186 397 827168 775 634 0
D 2927 463331397 422 810326 473 370 0
D 2928 464628262 420 823002 574 447 0
D 2929 463669650 417 801730 578 463 0
D 2930 464967338 410 806410 856 744 0
D 2931 464007903 415 773814 444 359 0
D 2932 464176824 412 827161 721 567 0
D 2933 464345745 441 808984 645 551 0
D 2934 463384255 404 811976 525 405 0
D 2935 464683176 423 798995 503 414 0
D 2936 463720865 423 788648 458 365 0
D 2937 465020607 431 812304 754 634 0
D 2938 464057475 397 811394 626 517 0
D 2939 464225575 403 799592 561 455 0
D 2940 463260803 442 795927 589 472 0
D 2941 464561365 417 805493 690 571 0
D 2942 464729465 441 755807 439 346 0
D 2943 463763464 412 811137 598 484 0
D 2944 463930745 433 782495 522 428 0
D 2945 464098026 417 812297 558 449 0
D 2946 464265307 422 810713 634 499 0
D 2947 464432588 420 768662 684 558 0
D 2948 464599869 428 790434 538 453 0
D 2949 463630596 411 815630 622 513 0
D 2951 465100894 408 810188 694 562 0
D 2952 464130396 407 805093 759 592 0
D 2950 463797060 417 770856 640 543 0
D 2953 464296860 417 798785 719 592 0
D 2954 463324730 408 820706 757 624 0
D 2955 464629380 402 797149 625 501 0
D 2956 463656435 426 814105 602 511 0
D 2957 464961900 428 775760 567 455 0
D 2958 463988140 421 769925 524 417 0
D 2959 464153789 415 798586 506 412 0
D 2960 464319438 427 775910 620 494 0
D 2961 464485087 414 824821 647 542 0
D 2962 463508885 428 775074 551 453 0
D 2963 464815978 407 806745 653 540 0
D 2964 463838963 413 779420 622 511 0
D 2965 464003799 409 796306 522 440 0
D 2966 464168635 433 768572 613 487 0
D 2967 464333471 406 779208 575 486 0
D 2968 464498307 408 775079 665 521 0
D 2971 463846905 417 764474 538 438 0
D 2969 463518450 408 761994 470 370 0
D 2970 464827573 422 766710 477 372 0
D 2972 464010930 396 794989 527 396 0
D 2973 464174955 393 790363 797 646 0
D 2974 464338980 412 762377 495 384 0
D 2975 464503005 410 788145 648 524 0
D 2976 463519502 405 764707 471 373 0
D 2977 464830650 412 776101 511 419 0
D 2978 463846338 424 767295 436 358 0
D 2979 464009554 394 780070 694 555 0
D 2980 464172770 424 744573 569 460 0
D 2981 464335986 405 761842 507 385 0
D 2982 464499202 438 784553 643 539 0
D 2983 463512062 414 749152 554 447 0
D 2984 464825230 406 785077 525 435 0
D 2985 463837283 411 734874 509 407 0
D 2986 463999692 396 782401 517 419 0
D 2987 464162101 426 769800 653 543 0
D 2988 464324510 419 782526 480 389 0
D 2989 464486919 435 741388 630 509 0
D 2990 463496151 399 759616 534 436 0
D 2991 464811334 426 774797 540 457 0
D 2992 463819761 382 750017 446 366 0
D 2993 463981365 418 774783 662 556 0
D 2994 464142969 412 766874 689 571 0
D 2995 464304573 426 743623 494 386 0
D 2996 464466177 427 765995 501 416 0
D 2997 464627781 422 742303 565 440 0
D 2998 463632992 405 787026 685 554 0
D 2999 463793793 421 748483 513 427 0
D 3000 465111789 417 742480 510 423 0
D 3001 464115796 424 719815 413 320 0
D 3002 464276597 422 754011 489 397 0
D 3003 463279000 389 794340 749 612 0
D 3004 464597798 432 766496 540 449 0
D 3005 463599400 416 738972 635 527 0
D 3006 464918999 426 767379 639 510 0
D 3007 463919800 396 772538 576 464 0
D 3008 464079800 405 769683 490 405 0
D 3009 464239800 415 737795 780 643 0
D 3012 463557801 402 757469 937 774 0
D 3011 464559800 417 749746 682 571 0
D 3010 464399800 401 738193 515 412 0
D 3013 463717002 393 746468 601 507 0
D 3014 465039000 404 739608 716 575 0
D 3015 464035803 422 750991 585 513 0
D 3016 464195004 402 762403 600 489 0
D 3017 464354205 407 740936 538 442 0
D 3018 463349013 402 727773 398 323 0
D 3019 464672208 412 730245 608 515 0
D 3020 463666219 429 745014 644 527 0
D 3022 463983425 407 720068 585 462 0
D 3021 464990211 416 739534 509 418 0
D 3023 464141829 440 714590 602 463 0
D 3024 464300233 422 738524 491 409 0
D 3025 464458637 405 734825 512 419 0
D 3026 463449463 401 755053 477 397 0
D 3027 464775047 401 726657 458 383 0
D 3028 463765078 402 744844 637 531 0
D 3029 463922687 397 724636 718 563 0
D 3031 464237905 394 745444 548 452 0
D 3030 464080296 412 722785 466 376 0
D 3032 464395514 420 721973 520 413 0
D 3033 464553123 421 707502 502 401 0
D 3034 463539978 401 734228 524 416 0
D 3035 464867944 391 725501 646 539 0
D 3036 463854006 408 729771 526 407 0
D 3037 464010822 431 713790 593 499 0
D 3038 464167638 404 734280 529 423 0
D 3039 464324454 396 737864 587 466 0
D 3040 464481270 415 726143 443 357 0
D 3041 463464560 403 711614 524 411 0
D 3042 464794506 440 717645 541 460 0
D 3043 463777005 409 720553 524 416 0
D 3044 463933030 391 762429 912 735 0
D 3045 465264162 395 737407 606 492 0
D 3046 463069973 378 721330 479 385 0
D 3047 464401105 399 756610 701 604 0
D 3048 464557130 377 708699 499 392 0
D 3049 464713155 388 716536 429 346 0
D 3050 463692099 378 724035 588 469 0
D 3051 463847335 428 726842 445 364 0
D 3052 464002571 404 722742 406 330 0
D 3053 464157807 395 718917 388 321 0
D 3054 464313043 385 751274 657 528 0
D 3055 464468279 407 717986 459 364 0
D 3056 464623515 393 737120 598 484 0
D 3057 463598913 394 711745 498 390 0
D 3058 464933593 423 696436 398 328 0
D 3059 463908204 390 730754 496 394 0
D 3060 464062653 422 729753 410 319 0
D 3061 464217102 410 713278 426 351 0
D 3062 464371551 389 725976 502 416 0
D 3063 463343804 398 690328 412 340 0
D 3064 464680056 386 719775 667 550 0
D 3065 463651524 419 702590 479 418 0
D 3066 464988561 433 682042 389 320 0
D 3067 463959244 416 685165 662 542 0
D 3068 464112908 378 713445 446 372 0
D 3069 464266572 384 716105 556 462 0
D 3071 463388567 408 713832 605 496 0
D 3070 464420236 379 716304 441 359 0
D 3072 464727172 395 679374 543 433 0
D 3073 463694720 404 711977 416 330 0
D 3074 465034108 397 694922 540 461 0
D 3075 464000873 414 692048 508 411 0
D 3076 464153754 382 719065 455 368 0
D 3077 464306635 402 714401 416 343 0
D 3078 463271445 379 699196 458 362 0
D 3079 464612006 408 703675 423 333 0
D 3080 464764887 432 675636 359 281 0
D 3081 463728525 408 697453 473 388 0
D 3082 463880625 392 716570 582 484 0
D 3083 464032725 398 703448 561 467 0
D 3084 464184825 398 673892 380 310 0
D 3085 464336925 403 686545 395 321 0
D 3086 464489025 403 695757 441 367 0
D 3087 463449543 407 684530 438 373 0
D 3088 464792835 412 677126 432 345 0
D 3089 463752574 387 716675 543 455 0
D 3090 465096645 409 705410 656 554 0
D 3091 464055605 407 690609 560 464 0
D 3092 464206926 383 693669 445 359 0
D 3093 463164330 413 698123 536 441 0
D 3094 464509179 394 703088 436 358 0
D 3095 464660500 383 696246 493 396 0
D 3096 463616738 406 682195 444 362 0
D 3097 464962753 407 693354 450 373 0
D 3098 463918214 410 677436 408 334 0
D 3099 464068758 401 688055 627 504 0
D 3100 464219302 395 694615 536 413 0
D 3101 464369846 372 708648 534 442 0
D 3102 463322979 395 675753 492 388 0
D 3103 464670546 415 670676 440 365 0
D 3105 463773060 399 689339 438 364 0
D 3104 464821090 387 660282 348 267 0
D 3106 463922829 403 706781 553 456 0
D 3107 464072598 414 668240 436 361 0
D 3108 464222367 372 692967 424 339 0
D 3109 464372136 412 678640 649 529 0
D 3110 464521905 421 663330 463 361 0
D 3111 463470779 383 684395 454 375 0
D 3112 464821056 426 674096 465 388 0
D 3113 463769157 403 688287 489 405 0
D 3114 463918153 397 668494 572 503 0
D 3115 464067149 388 682184 378 318 0
D 3116 464216145 414 664034 605 502 0
D 3117 464365141 375 686055 728 578 0
D 3118 464514137 409 681725 464 374 0
D 3119 464663133 394 712652 806 642 0
D 3120 463607760 401 677082 506 402 0
D 3121 463755985 401 663711 441 349 0
D 3123 464052820 375 676291 469 367 0
D 3122 465109349 404 674653 501 402 0
D 3124 464201045 379 689350 546 437 0
D 3125 464349270 393 651504 381 306 0
D 3126 463290816 383 683611 497 416 0
D 3127 464645335 388 680086 558 473 0
D 3128 463586112 402 672105 396 312 0
D 3129 464941400 419 668652 545 473 0
D 3130 463881408 402 657078 608 504 0
D 3132 464176320 402 660494 506 421 0
D 3131 464028864 383 658647 582 454 0
D 3133 464323776 402 696589 570 475 0
D 3134 464471232 398 634168 411 330 0
D 3135 463408552 400 659484 451 381 0
D 3136 464765760 384 674699 509 395 0
D 3137 463702313 395 671330 563 485 0
D 3138 465060288 386 670952 425 368 0
D 3139 463996074 386 669160 614 489 0
D 3140 464142763 407 647153 398 328 0
D 3141 464289452 365 673713 546 446 0
D 3142 463223323 400 652291 492 402 0
D 3143 464582447 381 644146 369 285 0
D 3144 464729136 379 664637 494 395 0
D 3145 463661859 406 644216 349 256 0
D 3146 463807783 386 648393 654 510 0
D 3147 465168437 405 659006 403 325 0
D 3148 464100013 401 637687 365 297 0
D 3149 464245937 389 652820 450 365 0
D 3150 463175985 408 629966 623 480 0
D 3151 464537403 392 648653 456 370 0
D 3153 463612230 384 646618 454 383 0
D 3152 464683327 376 654884 619 490 0
D 3154 464974793 404 658496 561 462 0
D 3155 463902933 385 653619 395 317 0
D 3156 464048094 396 638118 405 341 0
D 3157 464193255 384 668767 579 493 0
D 3158 464338416 406 668193 401 326 0
D 3159 463264270 399 639429 427 341 0
D 3160 464628357 396 646060 404 328 0
D 3162 463698230 391 643109 499 413 0
D 3161 464773518 405 664761 502 427 0
D 3163 463842630 381 665878 500 400 0
D 3164 463987030 401 643185 487 408 0
D 3165 464131430 393 651284 430 351 0
D 3166 464275830 394 639384 418 341 0
D 3167 464420230 389 665789 509 420 0
D 3168 464564630 377 662196 481 381 0
D 3169 463485922 403 632862 427 334 0
D 3170 464853050 395 677068 493 401 0
D 3171 463773583 371 633629 373 307 0
D 3172 463917224 397 624603 348 282 0
D 3173 465285490 388 626014 538 434 0
D 3175 463123143 373 654736 380 319 0
D 3174 464204885 379 647329 376 309 0
D 3176 464491788 396 660279 568 465 0
D 3177 464635429 411 630701 290 230 0
D 3178 463552551 376 641932 431 345 0
D 3179 464922332 395 659412 437 366 0
D 3180 463838697 391 633549 405 330 0
D 3181 463981581 377 638112 423 358 0
D 3183 464267349 420 636477 421 346 0
D 3182 464124465 383 645654 439 375 0
D 3184 464410233 385 635141 362 300 0
D 3185 464553117 383 647566 548 453 0
D 3186 463466458 379 634427 442 360 0
D 3187 464838507 375 646350 411 328 0
D 3188 463751093 372 629102 472 391 0
D 3189 463893222 383 629995 402 330 0
D 3190 464035351 400 609952 326 261 0
D 3191 464177480 381 617741 552 448 0
D 3192 464319609 408 642825 481 396 0
D 3193 464461738 396 613835 390 316 0
D 3194 464603867 387 643203 499 411 0
D 3195 463513060 374 654854 473 377 0
D 3196 464887748 385 629934 413 330 0
D 3197 463796188 402 623688 474 383 0
D 3199 464078940 402 625794 386 313 0
D 3198 463937564 387 617747 400 298 0
D 3200 464220316 389 618993 433 354 0
D 3201 464361692 372 632740 349 282 0
D 3202 464503068 388 637123 419 336 0
D 3203 463408500 371 657451 479 396 0
D 3204 464785444 382 615019 430 339 0
D 3205 463690125 383 632881 445 368 0
D 3206 465067820 385 630525 446 382 0
D 3207 463971750 385 628748 330 280 0
D 3208 464112375 379 610505 476 393 0
D 3209 464253000 388 606049 432 345 0
D 3210 464393625 387 638182 486 383 0
D 3211 463295305 375 618625 388 309 0
D 3213 463575431 390 634115 516 418 0
D 3212 464674500 402 613729 378 314 0
D 3214 464955375 384 623215 472 392 0
D 3215 463855557 383 620105 493 418 0
D 3216 463995433 395 637014 364 291 0
D 3217 464135309 385 632693 367 306 0
D 3218 464275185 389 631602 557 471 0
D 3219 464415061 363 626445 446 362 0
D 3220 464554937 376 646557 499 415 0
D 3221 463452127 387 619060 441 350 0
D 3222 464834315 361 624307 380 319 0
D 3223 463730758 403 581961 274 211 0
D 3224 463869887 378 604787 356 289 0
D 3225 464009016 396 608760 423 353 0
D 3226 464148145 388 610484 457 376 0
D 3227 464287274 370 598704 348 286 0
D 3228 464426403 389 598112 410 323 0
D 3229 464565532 393 604881 384 316 0
D 3230 463458618 372 623484 362 282 0
D 3231 464843417 388 611850 325 273 0
D 3232 463735758 385 587515 372 296 0
D 3233 465121302 396 611785 399 323 0
D 3234 464012898 401 608681 417 321 0
D 3235 464151282 391 623956 503 427 0
D 3236 464289666 386 604922 366 301 0
D 3237 463179402 379 597727 333 258 0
D 3238 464566062 389 605009 672 560 0
D 3240 463593067 380 648520 543 445 0
D 3239 464704446 395 604082 389 311 0
D 3241 463730708 376 575981 368 303 0
D 3243 464006361 385 606849 455 374 0
D 3242 465118854 382 635556 487 407 0
D 3244 464144002 388 611291 411 339 0
D 3245 464281643 372 617971 646 515 0
D 3246 464419284 387 599228 535 450 0
D 3247 463304565 375 596069 392 329 0
D 3248 464694195 387 593084 321 268 0
D 3249 463578735 377 609965 364 279 0
D 3251 463852905 396 583669 376 310 0
D 3250 464969106 387 606203 412 341 0
D 3252 463989805 384 617465 423 338 0
D 3253 464126705 378 596116 466 360 0
D 3255 464400505 382 577882 301 243 0
D 3254 464263605 381 596847 338 277 0
D 3256 464537405 393 615561 347 289 0
D 3257 463418244 396 592935 372 297 0
D 3258 464810835 376 594205 355 289 0
D 3259 463690935 356 612311 575 468 0
D 3260 463827096 374 593753 475 395 0
D 3261 465220795 372 607816 417 345 0
D 3262 464099787 385 585667 480 398 0
D 3263 464235948 381 614594 537 443 0
D 3264 463113464 387 595340 392 323 0
D 3265 464507901 376 585171 385 320 0
D 3266 464644062 384 572106 391 310 0
D 3267 463520472 353 598393 335 286 0
D 3268 464916015 393 583545 316 247 0
D 3269 463791688 379 604331 489 410 0
D 3270 463927112 392 595377 561 446 0
D 3271 464062536 372 604867 462 379 0
D 3272 464197960 367 596875 403 340 0
D 3273 464333384 381 580759 430 345 0
D 3274 464468808 397 595787 470 408 0
D 3275 464604232 394 602340 354 287 0
D 3276 463476593 373 573492 305 265 0
D 3277 464874712 370 594274 413 336 0
D 3278 463746338 399 603900 344 284 0
D 3279 463881027 360 591338 347 278 0
D 3280 464015716 386 573678 442 349 0
D 3281 464150405 392 580282 398 330 0
D 3282 464285094 371 579454 331 272 0
D 3283 464419783 366 603108 370 304 0
D 3284 464554472 377 596802 522 430 0
D 3285 463422795 374 603858 398 314 0
D 3286 464823483 379 581611 321 267 0
D 3287 463691073 377 566894 267 214 0
D 3289 463959351 381 570232 427 352 0
D 3288 465092494 373 579836 510 432 0
D 3291 464227263 359 605010 457 375 0
D 3290 464093307 383 577985 460 391 0
D 3292 464361219 370 587393 301 239 0
D 3293 463225880 411 567688 366 298 0
D 3295 464762721 376 568477 331 268 0
D 3294 464628765 384 592405 347 290 0
D 3296 463626285 402 557262 272 217 0
D 3297 463759510 375 574137 472 383 0
D 3298 465163857 379 563618 336 272 0
D 3299 464026325 364 569939 318 253 0
D 3301 464292775 379 574552 432 359 0
D 3300 464159550 366 592808 411 317 0
D 3302 463153418 367 575056 421 337 0
D 3303 464558860 375 593071 399 319 0
D 3304 464692085 394 567442 441 371 0
D 3305 463551634 396 541522 319 258 0
D 3306 464958170 386 546712 350 284 0
D 3307 463816990 389 581504 380 327 0
D 3308 463949486 354 573292 388 314 0
D 3309 464081982 388 591203 376 298 0
D 3310 464214478 370 574000 341 275 0
D 3311 464346974 396 552380 328 261 0
D 3312 464479470 382 587887 408 340 0
D 3313 463335378 378 553612 433 357 0
D 3314 464744098 376 565931 331 274 0
D 3315 463599279 367 574621 429 362 0
D 3316 465008726 378 592090 373 319 0
D 3317 463863180 366 576199 353 275 0
D 3318 463994949 380 562417 291 244 0
D 3319 464126718 372 577746 372 304 0
D 3320 464258487 388 574612 363 293 0
D 3321 464390256 368 565394 452 361 0
D 3322 464522025 382 578477 324 255 0
D 3323 463373575 362 563782 396 324 0
D 3324 464785200 383 561556 433 330 0
D 3325 463636025 375 540293 344 263 0
D 3326 465048375 398 570947 343 294 0
D 3327 463898475 380 565145 376 310 0
D 3328 464029519 394 541693 334 270 0
D 3329 464160563 379 560549 337 289 0
D 3330 464291607 380 565180 277 229 0
D 3331 464422651 378 567412 386 312 0
D 3332 463270217 379 569198 338 260 0
D 3333 464684377 368 566694 397 327 0
D 3334 464815421 372 572915 316 260 0
D 3335 463661902 372 548879 379 292 0
D 3336 463792223 384 565630 536 424 0
D 3337 463922544 381 555833 321 269 0
D 3338 465338511 381 558120 464 381 0
D 3339 464183547 374 544690 263 220 0
D 3340 463027500 395 544062 342 270 0
D 3341 464443828 387 573463 416 343 0
D 3342 464574149 370 559968 412 339 0
D 3343 464704470 387 560467 333 256 0
D 3344 463546980 377 557504 360 287 0
D 3345 463676580 370 575488 402 329 0
D 3346 465094711 361 579256 338 280 0
D 3347 463936140 389 561967 392 332 0
D 3348 464065740 374 547726 327 278 0
D 3349 464195340 377 534765 302 247 0
D 3350 464324940 359 543980 322 265 0
D 3351 464454540 399 542404 317 259 0
D 3352 463293449 371 549153 381 312 0
D 3353 464713380 369 541630 331 269 0
D 3354 463551570 371 563199 368 296 0
D 3355 464972220 380 564195 439 358 0
D 3356 463809691 386 546787 340 287 0
D 3357 463938572 356 536832 308 245 0
D 3358 464067453 358 558209 377 300 0
D 3359 464196334 374 557134 350 293 0
D 3361 464454096 387 534329 301 241 0
D 3360 464325215 386 555839 334 275 0
D 3362 464582977 372 552094 309 256 0
D 3363 463417217 394 524451 342 287 0
D 3364 464840380 389 549857 300 239 0
D 3365 463673903 372 555546 292 234 0
D 3366 463802067 327 564847 342 291 0
D 3367 465226305 378 523526 355 269 0
D 3369 464186917 366 558505 336 265 0
D 3368 464058753 390 535158 398 338 0
D 3370 464315081 386 546752 385 301 0
D 3371 463145739 363 559909 299 237 0
D 3372 464571051 391 534036 285 229 0
D 3373 464699215 382 540714 340 276 0
D 3374 463528800 371 534660 286 236 0
D 3375 464955185 349 567704 391 325 0
D 3376 463784055 353 530231 286 243 0
D 3377 463911504 364 546601 317 263 0
D 3378 464038953 377 528963 364 285 0
D 3379 464166402 352 549177 295 245 0
D 3380 464293851 356 557294 400 327 0
D 3381 464421300 360 555393 322 262 0
D 3382 464548749 346 556655 343 276 0
D 3383 463374406 389 520619 275 221 0
D 3384 464803290 378 544201 350 274 0
D 3385 463628234 355 557306 349 306 0
D 3386 465057831 379 538529 247 201 0
D 3387 463882062 343 542041 383 303 0
D 3388 464008798 378 546234 403 335 0
D 3389 464135534 370 534584 288 235 0
D 3390 464262270 360 542230 317 267 0
D 3391 464389006 383 541073 314 257 0
D 3392 464515742 350 557078 406 343 0
D 3393 463337125 380 521353 323 267 0
D 3394 464768858 364 540150 311 253 0
D 3395 463589530 373 525232 308 245 0
D 3396 465021974 361 522441 245 196 0
D 3397 463841935 357 550489 414 346 0
D 3398 463967960 364 510400 338 280 0
D 3399 464093985 359 532306 293 247 0
D 3400 464220010 390 533461 324 274 0
D 3401 464346035 362 527707 379 309 0
D 3403 463289181 359 508498 381 292 0
D 3402 464472060 378 520065 293 234 0
D 3404 464723755 375 523933 280 230 0
D 3405 463540167 368 537554 451 381 0
D 3406 464975450 378 522150 325 266 0
D 3407 463791153 377 515602 247 195 0
D 3409 464041785 360 531296 287 235 0
D 3408 463916469 355 534531 319 248 0
D 3410 464167101 368 527256 315 260 0
D 3411 464292417 363 524314 318 265 0
D 3412 464417733 390 534738 274 235 0
D 3413 464543049 370 522444 413 318 0
D 3414 463355566 359 532402 289 246 0
D 3415 464793327 369 518408 355 286 0
D 3416 463605137 393 516237 313 240 0
D 3417 465043605 381 525224 385 308 0
D 3418 463854708 377 513955 256 208 0
D 3419 463979317 371 529681 276 209 0
D 3420 464103926 358 533514 295 238 0
D 3421 464228535 359 536854 331 275 0
D 3422 464353144 366 520353 379 309 0
D 3423 464477753 367 494748 263 218 0
D 3424 464602362 371 531880 354 276 0
D 3425 463410288 352 519876 336 265 0
D 3426 464851227 384 514270 289 231 0
D 3427 463658448 372 513026 310 256 0
D 3428 463782352 372 531762 262 219 0
D 3429 463906256 364 491985 234 186 0
D 3430 465348604 353 541440 432 361 0
D 3431 464154416 363 531736 334 266 0
D 3433 463082724 366 515589 247 195 0
D 3432 464278320 373 509497 250 201 0
D 3434 464525776 339 539275 323 250 0
D 3435 464649680 364 500744 308 261 0
D 3436 463453029 353 539819 382 300 0
D 3437 464897136 380 517241 388 319 0
D 3439 463822983 366 533062 346 283 0
D 3438 463699782 362 523206 392 305 0
D 3440 465268144 350 534819 435 341 0
D 3441 464069736 376 518770 276 243 0
D 3442 464192937 354 504065 324 247 0
D 3443 464316138 359 515840 326 266 0
D 3444 463115975 358 513569 264 220 0
D 3445 464562189 358 524838 295 245 0
D 3446 464685390 380 522118 304 259 0
D 3447 463484175 346 526033 318 258 0
D 3448 464931441 368 492267 276 232 0
D 3449 463729525 337 533499 337 277 0
D 3450 463852025 342 543274 391 334 0
D 3452 464097025 373 507733 307 245 0
D 3451 463974525 355 517220 379 311 0
D 3453 464219525 374 490059 333 263 0
D 3454 464342025 367 503246 418 339 0
D 3455 464464525 365 513822 451 379 0
D 3456 464587025 380 508233 300 246 0
D 3457 463381609 340 527996 425 342 0
D 3458 464831675 357 521232 255 210 0
D 3459 463625560 361 500521 285 232 0
D 3460 465076325 397 491136 251 205 0
D 3461 463869511 364 507143 323 271 0
D 3463 464113113 365 525770 299 251 0
D 3462 463991312 369 515371 436 364 0
D 3464 464234914 366 508725 254 209 0
D 3465 464356715 351 514110 391 314 0
D 3466 464478516 374 507737 290 233 0
D 3467 463268910 349 510231 336 273 0
D 3468 464721769 350 521496 366 285 0
D 3469 463511466 361 517720 246 208 0
D 3471 463754022 358 495067 313 254 0
D 3470 464965022 365 508326 323 264 0
D 3472 463875126 366 499277 259 199 0
D 3473 465329727 372 504556 264 204 0
D 3474 464117682 357 505260 321 264 0
D 3475 464238786 350 505692 307 255 0
D 3476 463025349 371 505769 327 276 0
D 3477 464480646 362 535450 287 241 0
D 3478 464601750 345 498388 443 327 0
D 3479 463387270 369 482053 255 200 0
D 3481 463628435 370 484402 251 198 0
D 3480 464843610 344 527380 375 315 0
D 3482 465085470 356 517628 374 320 0
D 3483 463869600 370 504608 303 243 0
D 3484 463990009 351 490158 288 243 0
D 3485 464110418 367 495227 231 190 0
D 3486 464230827 371 499041 253 204 0
D 3487 464351236 339 493986 206 157 0
D 3488 464471645 353 495092 310 257 0
D 3489 463252999 374 477218 286 223 0
D 3490 464712116 353 486950 274 218 0
D 3491 464832525 354 492779 273 218 0
D 3492 463612839 354 502916 289 242 0
D 3493 463732555 389 480994 189 149 0
D 3494 465193058 349 501292 250 210 0
D 3495 463972333 365 498034 287 242 0
D 3496 464092049 356 500211 311 238 0
D 3497 464211765 373 482441 275 223 0
D 3499 463108680 370 501182 321 256 0
D 3498 464331481 370 507968 280 230 0
D 3502 463466445 368 484400 251 215 0
D 3500 464570567 373 478723 213 174 0
D 3501 464690283 338 493543 270 226 0
D 3503 464929369 355 499539 326 264 0
D 3505 463823865 369 508712 334 277 0
D 3504 463704840 365 492857 276 226 0
D 3506 465287825 369 489467 246 191 0
D 3507 464062260 350 489945 288 232 0
D 3508 464181285 340 498790 306 245 0
D 3509 464300310 356 498557 270 215 0
D 3510 463073020 356 505436 278 226 0
D 3511 464538015 357 501222 309 255 0
D 3512 464657040 344 490124 417 337 0
D 3513 463428716 360 479581 251 202 0
D 3514 464894745 377 456244 324 257 0
D 3515 463665732 361 483252 295 234 0
D 3516 463784068 378 467641 366 306 0
D 3517 465251130 371 483709 353 288 0
D 3518 464021084 371 481690 289 238 0
D 3519 464139420 355 483216 226 193 0
D 3521 464376092 343 496730 395 320 0
D 3520 464257756 370 483704 328 279 0
D 3522 463143982 348 481881 267 223 0
D 3523 464612420 358 490037 251 206 0
D 3524 464730756 344 498432 306 255 0
D 3525 463497615 331 495309 270 214 0
D 3526 464967084 338 493768 266 209 0
D 3527 463733256 368 476823 346 278 0
D 3528 463850905 360 482060 319 257 0
D 3529 463968554 334 492680 275 218 0
D 3530 464086203 355 489322 258 210 0
D 3531 464203852 354 492421 301 244 0
D 3532 464321501 368 467552 247 199 0
D 3533 464439150 366 479115 306 251 0
D 3534 464556799 366 491172 306 263 0
D 3535 463319541 374 469348 240 200 0
D 3536 464791754 375 461292 258 211 0
D 3537 463553811 352 487058 248 215 0
D 3538 465026709 360 487252 281 227 0
D 3539 463788081 372 483767 281 236 0
D 3540 463905045 363 477161 220 171 0
D 3541 464022009 357 478208 258 204 0
D 3542 464138973 371 481112 256 213 0
D 3543 464255937 382 466924 300 245 0
D 3544 464372901 351 491988 392 303 0
D 3545 464489865 375 448783 197 149 0
D 3546 464606829 362 465127 278 219 0
D 3547 463364781 334 477914 306 242 0
D 3548 464840415 370 479618 235 190 0
D 3549 463597684 358 507324 378 299 0
D 3550 465074001 375 463249 217 172 0
D 3551 463830587 348 485788 275 240 0
D 3552 463946868 351 474678 283 225 0
D 3553 464063149 372 469862 259 209 0
D 3554 464179430 353 475099 269 221 0
D 3555 464295711 338 474643 369 303 0
D 3556 464411992 349 469194 284 214 0
D 3557 464528273 336 494488 329 276 0
D 3558 463281790 369 470457 236 188 0
D 3559 464760494 346 456891 262 186 0
D 3560 463513330 344 470371 270 214 0
D 3561 464992715 350 492441 344 283 0
D 3562 463744870 382 451014 201 160 0
D 3563 463860470 354 471594 399 314 0
D 3564 463976070 349 461075 293 228 0
D 3565 464091670 341 474702 246 198 0
D 3566 464207270 336 466294 276 215 0
D 3567 464322870 354 468249 270 222 0
D 3568 464438470 362 489255 314 256 0
D 3569 464554070 359 467668 258 206 0
D 3570 463302825 372 453270 217 186 0
D 3571 464784930 337 488539 351 298 0
D 3572 464900530 354 450356 195 158 0
D 3573 463648266 358 468841 266 221 0
D 3574 463763187 364 474830 315 262 0
D 3575 463878108 350 480004 216 178 0
D 3576 465361910 346 484429 316 272 0
D 3577 464108289 364 445682 325 276 0
D 3578 464223210 360 472374 291 234 0
D 3579 462968233 347 466557 242 207 0
D 3581 464567634 369 452854 199 155 0
D 3580 464452713 362 466893 311 264 0
D 3583 463426223 380 447175 209 176 0
D 3582 464682555 363 465978 222 191 0
D 3584 464912058 363 461182 241 192 0
D 3585 463655049 348 457023 246 211 0
D 3586 463769293 360 453235 252 214 0
D 3587 465256143 349 476253 332 275 0
D 3588 463998119 341 481321 331 273 0
D 3589 464112363 353 459622 170 129 0
D 3590 464226607 334 464570 284 225 0
D 3591 464340851 375 455497 263 210 0
D 3592 463080799 367 450539 195 150 0
D 3593 464569001 358 456495 224 180 0
D 3594 464683245 359 447870 204 161 0
D 3595 463422180 340 464618 405 338 0
D 3596 464911395 347 462824 224 170 0
D 3597 463649655 342 458830 315 261 0
D 3598 463763224 344 456968 236 199 0
D 3599 465253451 374 439229 226 179 0
D 3600 463990699 342 475475 337 274 0
D 3601 464104268 328 475988 299 243 0
D 3603 464331406 344 449508 243 198 0
D 3602 464217837 335 468995 256 212 0
D 3604 463066632 347 466833 300 241 0
D 3605 464558207 338 461879 355 286 0
D 3606 464671776 361 451912 249 184 0
D 3607 463405992 364 430582 179 140 0
D 3608 464898577 361 466074 274 225 0
D 3609 463632120 372 447807 213 187 0
D 3611 463858248 362 447851 225 171 0
D 3610 465125378 346 459895 190 161 0
D 3612 463971144 348 456962 303 260 0
D 3613 464084040 352 451945 285 226 0
D 3614 464196936 335 463222 341 278 0
D 3615 464309832 351 450806 269 217 0
D 3616 464422728 366 464857 288 229 0
D 3617 464535624 377 433035 219 172 0
D 3618 463265470 333 457241 291 232 0
D 3619 464761080 353 447899 298 249 0
D 3620 463490255 350 447446 313 250 0
D 3621 464986536 354 452263 347 293 0
D 3622 463715040 346 448579 245 194 0
D 3623 463827265 347 437286 213 169 0
D 3624 463939490 377 450499 262 223 0
D 3625 465437112 317 443051 306 254 0
D 3626 464164275 363 445776 266 222 0
D 3627 462890433 340 446372 216 173 0
D 3628 464388390 359 458488 296 242 0
D 3629 464500615 344 440534 164 133 0
D 3630 464612840 354 470930 262 204 0
D 3631 463337659 350 454991 285 237 0
D 3633 463561105 337 463347 232 177 0
D 3632 464836955 372 435540 248 201 0
D 3634 465061070 357 444896 296 221 0
D 3635 463784551 352 443670 205 175 0
D 3636 463896107 347 449869 341 275 0
D 3637 464007663 341 447237 264 208 0
D 3638 464119219 353 444776 237 186 0
D 3639 464230775 357 449659 268 223 0
D 3640 464342331 336 438374 249 191 0
D 3641 464453887 369 449875 315 252 0
D 3643 463285584 361 414518 172 135 0
D 3642 464565443 345 447557 265 217 0
D 3644 464788221 338 448754 243 216 0
D 3645 463507695 326 456515 294 232 0
D 3646 465010999 352 441017 253 204 0
D 3647 463729806 345 460255 242 195 0
D 3648 463840695 323 437610 242 203 0
D 3649 465344999 332 467892 241 198 0
D 3650 464062806 352 432228 167 138 0
D 3651 464173695 349 447752 234 192 0
D 3652 464284584 344 461199 309 257 0
D 3653 463000726 351 441926 222 189 0
D 3654 464506029 339 458669 304 242 0
D 3655 464616918 349 453499 320 261 0
D 3656 464727807 337 451210 242 189 0
D 3657 463442618 360 443011 220 191 0
D 3658 463552842 341 448384 275 227 0
D 3660 463773622 346 436488 352 279 0
D 3659 465059808 337 454353 248 189 0
D 3661 463883846 349 460960 239 198 0
D 3662 463994070 353 428727 197 158 0
D 3663 465502365 336 422988 283 234 0
D 3664 464214850 364 421604 209 171 0
D 3665 462926339 356 437234 281 229 0
D 3666 464434966 346 437599 247 199 0
D 3667 464545190 371 445369 278 224 0
D 3669 463365576 340 451236 273 222 0
D 3668 464655414 340 438265 237 197 0
D 3670 464875530 355 421465 172 147 0
D 3671 463585029 349 443531 283 234 0
D 3672 463694590 359 414922 200 160 0
D 3673 465205538 345 437642 216 175 0
D 3674 463914043 338 432009 242 188 0
D 3675 464023604 353 429973 209 169 0
D 3676 464133165 341 451513 279 234 0
D 3677 464242726 327 440305 229 189 0
D 3678 464352287 327 440140 250 211 0
D 3679 464461848 360 410996 246 208 0
D 3680 463167705 352 431805 200 163 0
D 3681 464680639 331 430327 216 175 0
D 3682 464790200 359 425336 228 183 0
D 3683 463495065 336 465448 265 205 0
D 3685 463713195 352 420732 285 228 0
D 3684 465008991 362 451557 277 214 0
D 3686 463822095 343 439829 282 242 0
D 3687 463930995 327 433930 247 207 0
D 3688 464039895 360 416641 230 194 0
D 3689 464148795 347 426835 231 196 0
D 3690 464257695 340 421924 276 212 0
D 3691 464366595 330 428836 218 170 0
D 3692 464475495 336 438950 312 264 0
D 3693 464584395 351 441643 328 272 0
D 3694 463284969 337 423893 200 174 0
D 3695 464801865 346 437496 287 238 0
D 3696 463501780 357 423359 210 173 0
D 3697 465019335 324 444604 198 164 0
D 3698 463718591 353 421207 214 183 0
D 3699 463826832 343 420614 245 205 0
D 3701 464043643 360 429835 259 222 0
D 3702 464151884 357 428479 202 163 0
D 3700 465345375 339 435501 319 253 0
D 3704 462956748 352 432777 273 222 0
D 3703 464260125 340 438823 307 261 0
D 3705 464476278 345 426108 226 201 0
D 3706 464584519 352 433406 241 187 0
D 3707 464692760 343 413744 215 172 0
D 3708 463388068 352 410506 302 236 0
D 3709 464908913 347 435602 250 212 0
D 3710 463603564 350 427400 362 312 0
D 3711 463711148 354 428080 223 175 0
D 3712 465232978 334 446600 328 279 0
D 3713 463926644 347 423978 205 180 0
D 3715 464141812 344 437011 318 264 0
D 3714 464034228 340 421194 271 229 0
D 3716 464249396 348 436721 260 211 0
D 3717 464356980 370 418360 208 160 0
D 3718 464464564 339 406762 236 203 0
D 3719 463155606 337 408147 214 170 0
D 3720 464679404 344 425899 207 161 0
D 3721 464786988 345 416427 217 164 0
D 3722 463477047 356 415316 184 149 0
D 3723 463583976 327 457479 271 214 0
D 3724 465109084 355 426548 308 234 0
D 3725 463798161 322 421624 287 229 0
D 3726 463905090 350 409075 214 168 0
D 3727 464012019 352 408843 250 198 0
D 3728 464118948 339 422297 262 225 0
D 3729 464225877 341 421235 272 215 0
D 3730 464332806 339 423845 289 226 0
D 3731 464439735 341 420404 200 167 0
D 3732 464546664 334 430869 275 222 0
D 3733 464653593 357 408151 271 217 0
D 3734 463339073 342 419080 226 178 0
D 3735 464867124 365 411372 188 147 0
D 3736 463551951 345 410884 250 198 0
D 3737 463658227 340 423291 209 169 0
D 3738 465187257 360 391099 232 183 0
D 3739 463871105 335 410881 223 179 0
D 3740 463977381 352 439192 296 241 0
D 3741 464083657 342 408010 218 186 0
D 3742 464189933 328 414810 199 161 0
D 3743 464296209 332 432670 231 186 0
D 3744 464402485 343 412242 197 162 0
D 3745 464508761 349 408340 274 233 0
D 3746 463189675 358 410835 251 202 0
D 3747 464720987 317 421886 199 174 0
D 3748 464827263 345 400248 183 137 0
D 3749 463507200 326 421506 278 225 0
D 3750 463612825 333 416780 201 172 0
D 3751 465145439 359 412204 180 149 0
D 3753 463930025 323 427004 298 238 0
D 3752 463824400 368 396478 169 138 0
D 3754 464035650 352 408845 205 178 0
D 3755 464141275 345 415842 176 141 0
D 3756 464246900 360 392505 183 151 0
D 3757 464352525 353 421287 249 203 0
D 3758 464458150 340 410439 224 171 0
D 3759 464563775 348 407016 263 225 0
D 3760 463239486 338 412629 313 261 0
D 3761 464774700 343 421927 228 187 0
D 3763 464985625 317 427881 292 244 0
D 3762 463449762 345 393450 178 147 0
D 3764 463660038 332 411791 284 238 0
D 3765 463765014 343 406898 329 271 0
D 3766 465301850 335 416281 228 190 0
D 3767 463975290 343 403466 311 240 0
D 3768 464080266 346 421226 222 176 0
D 3769 464185242 340 420215 277 218 0
D 3770 464290218 358 387870 306 251 0
D 3772 463066366 323 417521 215 186 0
D 3771 464395194 344 435396 387 328 0
D 3773 464604822 340 417398 178 142 0
D 3774 464709798 346 386245 174 147 0
D 3775 463379999 326 405796 234 210 0
D 3776 464919426 326 410305 225 172 0
D 3777 463588980 328 413792 269 224 0
D 3778 465129054 334 401948 297 230 0
D 3779 463797961 345 420568 229 199 0
D 3780 463902290 350 415841 227 186 0
D 3781 464006619 336 419879 220 175 0
D 3783 464215277 361 394041 231 189 0
D 3782 464110948 321 406366 207 169 0
D 3784 464319606 347 393751 161 128 0
D 3785 464423935 329 410215 200 162 0
D 3786 464528264 337 409291 226 190 0
D 3787 463193941 333 406381 187 154 0
D 3788 464736599 343 408376 175 138 0
D 3789 464840928 345 405701 225 188 0
D 3791 463609321 334 411357 283 221 0
D 3790 463505637 347 397390 227 189 0
D 3793 463817011 337 397991 205 170 0
D 3792 465153269 334 411776 248 200 0
D 3794 463920695 332 408087 215 169 0
D 3796 464128063 335 400163 287 233 0
D 3795 464024379 354 402785 181 152 0
D 3797 464231747 331 408226 204 171 0
D 3798 464335431 337 399609 240 194 0
D 3799 464439115 350 395337 232 188 0
D 3800 464542799 306 426952 237 205 0
D 3801 463203321 349 399379 229 186 0
D 3802 464749845 347 409890 251 216 0
D 3803 464853529 320 406953 258 209 0
D 3804 463513086 337 411259 310 253 0
D 3805 463616127 333 393866 177 145 0
D 3806 465163937 341 399902 187 150 0
D 3807 463822530 326 400470 234 187 0
D 3808 463925571 333 390210 147 116 0
D 3809 464028612 335 402201 250 205 0
D 3810 464131653 340 382474 176 135 0
D 3811 464234694 349 390956 144 115 0
D 3813 464440776 330 402860 234 199 0
D 3812 464337735 345 387738 198 158 0
D 3814 464543817 342 405099 174 130 0
D 3815 463199200 348 407820 248 199 0
D 3816 464749578 344 390301 145 120 0
D 3817 464852619 330 414475 203 167 0
D 3818 463507040 325 387812 189 147 0
D 3819 463609440 347 380219 181 150 0
D 3821 463814560 351 411413 347 288 0
D 3822 463916960 338 375182 172 136 0
D 3820 465161100 347 408989 182 141 0
D 3823 464019360 343 384992 195 158 0
D 3824 464121760 314 395493 224 186 0
D 3825 464224160 315 401022 213 175 0
D 3826 464326560 323 398215 291 239 0
D 3827 464428960 339 398522 210 179 0
D 3828 464531360 327 389754 213 179 0
D 3829 463181620 339 374428 217 176 0
D 3830 464735840 328 398795 178 144 0
D 3831 464838240 339 387114 191 151 0
D 3832 463487541 333 399132 225 181 0
D 3833 463589302 346 385807 173 149 0
D 3835 463793143 339 408248 249 215 0
D 3834 465144800 346 394894 222 182 0
D 3836 463894904 326 396566 198 159 0
D 3837 463996665 323 411376 299 247 0
D 3838 464098426 351 392310 151 130 0
D 3839 464200187 328 396738 265 222 0
D 3840 464301948 333 381800 223 181 0
D 3841 464403709 346 394991 192 155 0
D 3842 464505470 320 393143 246 206 0
D 3843 464607231 345 385041 298 248 0
D 3844 463252065 327 391079 212 173 0
D 3845 464810434 354 387150 238 200 0
D 3846 463454631 345 380432 231 191 0
D 3847 465013637 333 378991 225 173 0
D 3848 463657197 333 394153 249 196 0
D 3849 463758321 318 376032 158 120 0
D 3850 465318282 351 386373 250 214 0
D 3851 463960887 327 398738 295 237 0
D 3852 464062011 348 364174 321 250 0
D 3853 464163135 324 400779 236 190 0
D 3854 464264259 335 385793 212 164 0
D 3855 464365383 323 405445 273 231 0
D 3856 464466507 342 392789 272 225 0
D 3857 463106568 335 383868 200 165 0
D 3858 464668437 342 400747 283 233 0
D 3859 464769561 340 390422 229 186 0
D 3860 463408669 321 402006 260 210 0
D 3861 464971491 341 378390 147 119 0
D 3862 463609964 333 392569 240 190 0
D 3863 463710453 324 392352 171 139 0
D 3864 463810942 312 381235 216 179 0
D 3865 465375033 323 388135 228 201 0
D 3866 464012237 341 397145 207 171 0
D 3867 464112726 335 385505 202 165 0
D 3868 464213215 319 389528 215 182 0
D 3869 464313704 333 385482 231 194 0
D 3870 464414193 337 379822 286 246 0
D 3871 463049178 330 380115 196 157 0
D 3873 464715343 335 384178 185 155 0
D 3872 464614854 337 371897 227 184 0
D 3874 463349378 329 388860 209 180 0
D 3875 464916004 344 371386 150 124 0
D 3876 463549406 336 379869 159 123 0
D 3877 465116665 333 384952 167 137 0
D 3878 463749434 352 373398 151 115 0
D 3879 463849290 304 406753 267 211 0
D 3880 463949146 331 365961 186 148 0
D 3881 464049002 316 401684 349 291 0
D 3882 464148858 341 391549 191 158 0
D 3884 464348570 300 411903 465 393 0
D 3883 464248714 319 394962 265 218 0
D 3885 464448426 341 383289 164 134 0
D 3886 464548282 312 403283 203 178 0
D 3887 463177575 328 367404 198 154 0
D 3888 464747678 342 380265 184 150 0
D 3889 464847534 319 382245 218 182 0
D 3890 463475880 335 366357 216 180 0
D 3892 465146470 337 388724 221 190 0
D 3891 463575105 330 369659 170 145 0
D 3893 463773870 342 372835 166 137 0
D 3894 463873095 313 376145 195 160 0
D 3895 463972320 348 369061 206 165 0
D 3896 464071545 340 379467 223 176 0
D 3897 464170770 332 368292 147 121 0
D 3898 464269995 313 370838 300 239 0
D 3899 464369220 343 369533 213 170 0
D 3900 464468445 342 374412 166 135 0
D 3901 464567670 337 365965 145 109 0
D 3902 463191605 338 378228 154 126 0
D 3903 464765805 343 374089 155 129 0
D 3904 464865030 327 351343 125 110 0
D 3905 463488021 320 382084 178 155 0
D 3906 465063165 327 372982 185 148 0
D 3907 463685527 330 370090 255 191 0
D 3908 463784123 345 384488 280 221 0
D 3909 463882719 341 378031 207 175 0
D 3912 464178821 325 376365 179 153 0
D 3910 463981315 336 369350 163 127 0
D 3911 465558030 325 384153 219 185 0
D 3914 464375699 339 382868 171 140 0
D 3913 462798670 341 376847 270 207 0
D 3915 464474295 351 368536 156 124 0
D 3916 464572891 319 389148 184 140 0
D 3917 464671487 328 376371 271 227 0
D 3918 463289767 334 356687 170 131 0
D 3919 464868365 347 364456 151 115 0
D 3920 463486018 311 392665 249 195 0
D 3921 465065243 324 374768 215 180 0
D 3922 463682269 319 360500 178 139 0
D 3923 463780238 331 380447 231 180 0
D 3924 463878207 334 373953 195 154 0
D 3925 463976176 338 365276 203 171 0
D 3926 465556967 327 365244 190 162 0
D 3927 464172427 344 371198 182 152 0
D 3928 462786948 325 370715 177 141 0
D 3929 464368052 305 368174 160 129 0
D 3930 464466021 335 354511 170 148 0
D 3931 464563990 326 395075 206 177 0
D 3932 464661959 340 371137 251 204 0
D 3933 463274916 322 364839 210 163 0
D 3934 464857584 329 364575 177 148 0
D 3935 463469916 353 386585 265 207 0
D 3936 465053209 320 375749 208 173 0
D 3937 463664916 333 373265 157 131 0
D 3938 463762260 343 361495 255 207 0
D 3939 463859604 331 358305 162 135 0
D 3941 464054604 340 347880 174 135 0
D 3940 465444146 337 365762 176 142 0
D 3942 464151948 337 382245 192 148 0
D 3943 464249292 344 346589 153 126 0
D 3944 464346636 332 358310 184 153 0
D 3945 462955222 330 355947 127 111 0
D 3946 464541012 317 358231 190 152 0
D 3947 464638356 325 360877 233 186 0
D 3948 463246007 319 381985 212 185 0
D 3949 464832732 345 368785 213 172 0
D 3950 464930076 325 374297 243 211 0
D 3951 463536792 327 363452 204 157 0
D 3952 463633513 313 371834 238 194 0
D 3953 465221484 323 363798 247 194 0
D 3954 463827266 330 360907 239 194 0
D 3955 463923987 329 350360 197 165 0
D 3956 464020708 318 365236 254 206 0
D 3957 464117429 315 376045 220 182 0
D 3958 464214150 320 365511 233 186 0
D 3959 464310871 341 350649 138 104 0
D 3960 464407592 355 358628 242 191 0
D 3961 464504313 331 352575 163 135 0
D 3962 463106985 319 359988 171 137 0
D 3963 464697444 347 346177 155 122 0
D 3964 464794165 339 364631 228 194 0
D 3965 463395905 327 369985 188 154 0
D 3966 464987296 325 373570 292 248 0
D 3967 463588415 340 347665 164 134 0
D 3968 463684515 326 360197 179 147 0
D 3969 465276837 322 359778 131 105 0
D 3970 463877025 328 360990 248 205 0
D 3971 463973125 334 327511 116 97 0
D 3972 464069225 331 358105 186 146 0
D 3973 464165325 324 366634 257 204 0
D 3974 464261425 334 346394 247 202 0
D 3975 464357525 320 375754 172 137 0
D 3976 464453625 309 368258 226 190 0
D 3977 463051023 319 370446 179 148 0
D 3978 464645515 327 364103 197 158 0
D 3979 464741615 333 361695 206 177 0
D 3980 463338084 324 354621 219 181 0
D 3982 463529355 338 351540 207 172 0
D 3981 464933505 317 378152 178 150 0
D 3983 465125395 329 361763 206 162 0
D 3984 463720626 342 335911 231 178 0
D 3985 463816107 329 355030 159 125 0
D 3986 463911588 327 357275 159 124 0
D 3987 464007069 320 352907 162 130 0
D 3988 465604655 335 365586 159 138 0
D 3989 464198340 325 347205 191 157 0
D 3990 462791098 323 359303 147 123 0
D 3991 464388993 331 358377 145 122 0
D 3992 464484474 323 351864 207 183 0
D 3993 464579955 335 356353 182 143 0
D 3994 464675436 336 353433 238 192 0
D 3995 463266650 321 368237 210 165 0
D 3996 464866089 311 358349 160 130 0
D 3997 463456686 334 348741 181 144 0
D 3998 465056742 299 350272 149 129 0
D 3999 463646722 332 354032 152 126 0
D 4000 463741586 323 348349 161 128 0
D 4001 463836450 309 357402 250 206 0
D 4003 464026486 329 355252 148 123 0
D 4004 464121350 314 375254 162 136 0
D 4002 465437739 338 353076 147 120 0
D 4005 464216214 313 366746 236 186 0
D 4007 462897977 316 367581 244 195 0
D 4006 464311078 344 334187 126 98 0
D 4008 464500498 337 343751 259 211 0
D 4009 464595362 340 336457 168 113 0
D 4010 464690226 338 329943 159 116 0
D 4011 463275894 328 353776 252 206 0
D 4012 464879646 326 351332 174 144 0
D 4013 463464699 315 370017 209 170 0
D 4015 463653504 318 349163 161 130 0
D 4014 465069066 325 338889 150 125 0
D 4016 463747753 317 353693 210 162 0
D 4017 465353042 304 355202 139 118 0
D 4018 463936558 342 344363 163 132 0
D 4019 464030807 330 343995 123 93 0
D 4020 464125056 352 357122 276 221 0
D 4022 464313554 319 346502 149 110 0
D 4021 464219305 308 355050 189 154 0
D 4023 464407803 338 331913 270 223 0
D 4024 462988863 305 352001 212 175 0
D 4025 464595994 326 349441 199 163 0
D 4026 464690243 330 338049 164 130 0
D 4027 463270383 314 356942 167 132 0
D 4028 464878434 332 355481 191 162 0
D 4029 463457961 320 349935 218 181 0
D 4030 465066625 324 362375 218 181 0
D 4031 463645539 307 362673 163 136 0
D 4032 463739175 311 346670 215 169 0
D 4033 465348758 317 357258 263 217 0
D 4034 463926753 331 345889 145 116 0
D 4035 464020389 338 342377 175 149 0
D 4036 464114025 329 343274 228 188 0
D 4037 464207661 339 344979 198 155 0
D 4038 464301297 307 344203 161 136 0
D 4039 464394933 333 347971 222 183 0
D 4040 464488569 315 341903 178 145 0
D 4041 463063810 325 356386 232 197 0
D 4042 464675535 303 361542 149 120 0
D 4043 464769171 315 348321 135 112 0
D 4044 463343495 317 343885 176 147 0
D 4045 464956137 336 347049 221 177 0
D 4046 463529850 328 340580 176 149 0
D 4047 463622875 321 324680 152 125 0
D 4048 465236433 332 358978 206 171 0
D 4049 463809230 311 340541 189 153 0
D 4050 463902255 336 333541 146 122 0
D 4051 463995280 328 329858 141 108 0
D 4052 464088305 343 337288 163 124 0
D 4053 464181330 298 343398 145 118 0
D 4054 464274355 319 348639 161 132 0
D 4055 464367380 341 334746 152 122 0
D 4056 464460405 317 352128 173 135 0
D 4057 464553430 315 359211 241 200 0
D 4058 463122872 306 362612 174 145 0
D 4059 464739175 323 343239 165 127 0
D 4061 463400728 324 348883 169 134 0
D 4060 464832200 317 336653 181 145 0
D 4062 465017945 336 331118 159 129 0
D 4063 463585864 322 339052 219 175 0
D 4064 463678280 336 332283 134 109 0
D 4065 465296410 333 333753 151 121 0
D 4066 463863416 328 346897 224 185 0
D 4067 463955832 307 338566 224 186 0
D 4068 464048248 331 344513 197 154 0
D 4069 464140664 321 348336 200 165 0
D 4070 464233080 315 336166 145 125 0
D 4071 464325496 324 339293 183 151 0
D 4072 464417912 325 336881 152 130 0
D 4073 462982182 321 336894 168 131 0
D 4074 464602440 320 345317 170 137 0
D 4075 464694856 345 336848 229 190 0
D 4076 463258215 329 348932 215 174 0
D 4077 464879384 327 335719 137 107 0
D 4078 463442136 310 338667 208 176 0
D 4079 465063912 291 349193 149 120 0
D 4080 463626057 305 350674 171 135 0
D 4082 463809978 305 347518 175 143 0
D 4081 465248440 323 345039 185 147 0
D 4083 463901787 299 343759 156 132 0
D 4084 463993596 325 332133 150 122 0
D 4085 464085405 326 319758 152 115 0
D 4086 464177214 326 340971 155 135 0
D 4087 464269023 307 331933 143 120 0
D 4088 464360832 322 337158 142 118 0
D 4089 464452641 330 342784 188 158 0
D 4090 464544450 323 359153 191 163 0
D 4091 463102655 331 332854 164 132 0
D 4092 464727765 316 327938 131 110 0
D 4094 463376871 321 340681 244 187 0
D 4093 464819574 319 340076 137 112 0
D 4095 465002889 333 324160 151 127 0
